So_Lan_Xem,Thoi_Gian_Giay,Cuon_Trang,Ngan_Sach,Da_Mua_Hang,VIP,Nhan_Voucher
11,239,56,18.9,0,0,1
4,151,54,24.5,0,0,0
11,123,73,12.2,0,1,1
2,209,12,4.7,0,0,0
1,58,67,9.6,0,1,1
10,355,54,15.4,1,0,1
3,114,62,8.1,1,1,1
4,107,52,11.4,1,0,1
2,178,33,19.9,1,1,0
13,205,11,7.0,0,1,1
15,268,64,14.3,1,0,1
14,5,42,12.2,1,0,1
1,221,15,16.9,0,1,0
14,98,75,21.2,0,0,1
8,79,52,17.0,1,0,1
4,122,55,8.4,1,0,1
3,277,93,14.6,0,0,1
5,223,43,17.2,0,1,0
13,175,99,2.0,0,0,1
13,190,52,15.6,1,1,1
4,153,68,23.9,1,0,0
7,82,47,20.5,1,0,1
4,116,72,15.6,1,1,1
7,95,51,12.6,1,0,0
3,215,66,15.0,1,0,1
14,10,49,12.9,0,0,0
13,160,70,26.3,1,0,1
10,210,58,3.5,1,1,1
14,187,100,13.8,0,0,1
9,175,30,21.9,1,1,1
7,274,37,23.4,0,1,1
12,250,100,9.1,1,0,1
2,191,47,5.7,1,0,1
13,52,71,9.5,0,0,1
8,86,51,19.9,0,0,0
15,207,92,5.4,1,0,1
15,211,79,7.6,0,0,1
14,242,67,16.5,0,0,1
8,98,65,16.8,0,1,0
10,403,71,7.9,1,0,1
13,63,79,22.0,0,1,1
11,295,70,19.9,1,1,1
8,150,41,9.7,0,0,1
6,170,68,16.7,0,0,1
1,181,96,13.4,0,0,1
15,255,38,8.6,0,1,1
4,153,77,17.8,1,1,1
3,78,22,12.3,1,0,0
13,205,28,16.0,1,0,1
11,73,63,15.3,1,1,1
8,222,74,21.5,0,0,1
12,14,36,18.1,1,0,1
4,241,100,18.4,1,0,1
5,294,76,13.1,1,0,1
2,87,54,12.1,1,0,1
9,457,13,19.1,0,0,0
14,123,87,15.4,0,0,1
8,94,76,10.6,0,1,1
3,185,43,27.9,1,0,0
5,5,64,11.0,1,1,1
12,84,57,18.0,1,0,1
4,35,51,12.2,0,0,0
1,391,70,7.4,0,1,1
14,434,85,5.9,0,0,1
2,332,42,17.7,0,0,0
11,68,58,2.0,0,1,1
15,149,28,24.8,0,0,0
7,127,63,23.6,1,1,1
12,319,60,9.1,1,0,1
3,203,44,15.4,1,1,1
13,193,76,24.5,0,0,0
10,435,11,14.1,0,0,1
9,213,44,13.8,1,0,0
15,109,81,17.1,0,0,1
3,287,67,19.9,1,1,1
13,80,45,19.5,0,1,0
2,177,62,22.7,0,1,1
2,245,54,13.7,0,1,1
4,279,80,22.8,1,0,1
14,261,52,16.9,1,1,1
15,191,74,10.1,0,0,1
14,59,29,21.9,1,0,1
13,254,75,14.9,0,1,1
8,189,43,20.9,1,0,1
15,80,51,17.5,0,0,0
10,81,66,16.5,0,1,1
5,123,65,6.3,1,0,0
4,93,54,16.9,0,0,1
9,282,56,14.9,1,0,0
4,177,52,16.9,0,0,0
1,242,98,14.3,0,1,1
7,262,49,16.3,0,1,1
12,191,40,15.1,0,1,0
14,354,83,27.9,1,0,1
15,284,64,28.1,1,1,1
13,79,45,2.3,0,0,1
4,88,63,17.1,1,1,1
2,294,45,9.6,1,1,1
7,21,100,22.1,1,0,1
5,5,93,14.3,0,1,1
10,5,45,15.0,1,1,0
6,125,75,8.6,1,0,1
10,194,72,19.3,0,1,1
7,5,91,17.0,0,0,0
2,366,62,22.1,1,1,1
2,427,100,13.5,1,1,1
6,257,94,9.2,1,1,1
4,307,16,7.9,1,1,1
15,147,77,24.0,0,1,1
14,375,25,4.8,0,1,1
7,226,59,2.6,1,1,1
11,23,76,17.2,0,1,0
13,118,33,14.6,0,0,1
11,61,72,11.8,1,0,1
13,167,34,11.7,0,1,1
4,415,60,10.8,0,0,1
8,166,54,18.7,0,1,1
11,116,45,13.3,0,1,0
4,5,94,24.9,0,0,0
14,249,67,30.0,0,1,1
13,164,36,5.4,1,0,1
15,89,24,11.1,0,1,1
8,382,82,15.0,1,1,1
12,189,38,24.1,1,1,0
12,55,55,9.7,1,1,1
4,291,100,6.6,1,1,1
5,101,47,11.4,1,0,0
4,185,39,16.6,1,1,1
9,151,37,11.5,0,0,1
7,240,35,15.6,0,0,1
7,5,73,11.0,1,1,1
4,88,14,5.2,1,1,0
10,211,37,18.8,0,1,0
6,172,29,11.1,1,1,1
14,76,50,21.0,1,0,0
5,280,31,18.2,1,1,1
6,5,40,18.5,1,0,0
15,224,44,15.5,0,0,0
10,320,66,17.0,0,0,1
3,121,49,17.4,1,0,1
7,214,100,20.2,1,0,1
6,324,49,2.8,1,1,1
14,5,51,15.1,1,1,1
8,219,54,20.0,0,0,0
6,208,79,6.1,0,0,1
11,220,49,18.8,0,0,0
4,201,66,12.2,0,0,1
8,279,38,15.4,0,0,1
5,237,68,21.2,1,0,1
12,147,35,12.3,0,0,0
2,270,36,20.2,0,1,1
15,229,100,10.4,1,1,1
4,5,97,18.9,0,0,1
13,213,31,29.7,1,0,0
10,193,78,17.9,0,1,1
11,85,71,26.3,1,0,1
6,371,47,9.1,0,1,1
2,186,87,4.8,1,1,1
14,161,49,8.9,1,0,1
12,278,61,7.3,1,1,1
14,139,100,13.4,1,1,1
14,150,53,2.0,0,1,1
4,152,77,26.1,1,1,1
8,147,32,30.0,1,0,0
6,181,59,16.2,1,1,1
10,111,46,14.8,1,0,1
4,94,62,13.5,0,0,0
8,5,87,22.5,0,1,0
8,138,50,6.6,1,0,1
4,46,100,20.6,1,0,1
10,266,31,11.9,1,1,1
6,33,77,13.6,1,1,1
8,265,71,12.8,1,1,1
2,50,75,18.6,0,1,1
9,219,28,20.5,0,0,0
8,117,86,10.8,1,1,0
14,5,75,7.3,0,1,1
3,5,100,16.3,1,0,0
3,114,69,14.8,1,0,0
9,193,63,12.8,1,0,1
13,216,17,6.9,1,0,1
10,200,55,15.1,1,1,1
6,115,40,16.2,0,0,0
14,228,17,21.2,1,0,0
7,210,84,25.0,1,0,1
11,5,28,11.3,0,0,1
10,242,41,16.1,1,0,0
2,106,24,9.5,1,0,0
7,62,86,9.3,1,1,1
10,239,64,9.8,1,1,1
1,110,63,30.0,0,0,0
5,317,42,14.8,0,0,1
9,104,100,19.2,0,0,1
8,255,84,18.7,1,1,1
5,92,53,14.6,1,1,1
4,201,26,17.3,1,0,1
9,247,87,20.0,0,0,0
14,171,18,17.6,0,0,1
13,212,28,8.5,1,1,1
8,175,77,15.2,1,1,1
9,292,47,15.6,1,1,1
1,127,52,16.3,1,1,0
1,330,37,13.9,0,0,0
14,353,64,21.2,0,1,1
13,212,82,15.5,0,1,1
8,117,95,28.8,1,0,0
7,126,96,24.5,1,0,1
7,129,52,6.9,1,1,1
14,59,40,14.8,0,1,1
8,366,35,20.9,1,1,1
9,174,76,8.3,0,1,1
5,199,72,16.7,1,0,1
7,103,46,11.3,0,1,1
4,103,89,23.5,1,1,1
13,80,71,11.7,0,0,1
3,204,22,24.3,1,1,0
8,106,50,16.7,0,0,0
10,259,100,13.9,0,0,1
1,14,41,14.8,1,0,1
14,117,65,14.9,0,1,0
11,483,46,12.1,0,1,1
5,261,100,18.5,1,1,1
8,250,87,19.9,0,1,1
7,308,89,23.3,0,0,0
5,159,63,22.2,1,1,0
9,224,50,15.2,1,0,1
5,202,61,6.8,1,0,1
8,257,100,13.2,1,1,1
9,209,99,14.4,1,1,1
14,252,64,12.3,0,0,1
4,308,34,15.8,1,0,1
8,323,21,11.6,1,1,0
13,367,58,11.7,0,1,1
3,6,5,17.6,1,0,0
8,57,77,16.5,0,1,1
3,26,81,18.9,1,0,1
13,401,33,5.8,1,1,1
7,174,66,13.6,0,1,1
14,29,96,14.5,1,1,1
15,221,71,18.4,1,0,1
4,257,93,16.2,1,0,1
7,169,96,10.9,0,0,1
12,175,24,15.8,1,0,1
13,280,43,12.3,0,1,1
7,125,0,5.5,0,0,0
10,274,70,9.2,0,0,1
10,179,31,24.0,1,0,0
10,153,60,16.3,0,0,0
5,150,42,9.0,1,1,1
15,395,76,11.6,1,1,1
3,347,83,15.4,0,1,0
10,263,69,20.4,1,1,1
8,305,46,22.9,1,0,0
14,429,42,25.4,1,0,1
10,101,47,13.1,1,1,0
5,242,45,14.9,0,1,1
10,387,70,15.2,0,1,1
15,253,34,13.5,1,0,1
6,227,76,12.1,0,0,1
11,32,23,16.3,0,0,0
11,382,48,21.5,0,1,1
1,159,82,18.9,1,0,1
5,357,94,11.2,1,1,1
3,239,66,11.7,1,1,1
5,176,89,18.3,1,1,1
6,272,0,21.9,0,1,0
3,136,32,7.2,0,1,0
13,123,68,14.7,1,0,1
1,189,27,21.0,1,0,0
11,5,49,24.0,1,1,0
6,138,51,13.1,0,0,1
10,225,70,21.2,1,0,1
11,148,55,14.6,1,1,1
2,267,61,19.4,0,0,0
5,189,10,20.5,1,0,1
15,299,0,27.5,0,1,0
11,312,34,18.7,1,0,0
11,105,100,13.9,0,1,1
5,284,72,15.9,0,1,1
8,468,58,16.2,0,1,1
11,312,89,18.8,1,1,1
5,376,31,16.8,0,0,0
14,172,68,16.9,1,0,1
11,373,71,13.5,0,0,1
4,322,29,18.6,0,0,1
13,144,94,14.1,0,0,1
4,159,60,8.4,1,0,0
10,371,38,9.1,0,1,1
3,103,26,24.9,0,1,0
2,97,100,20.9,0,0,1
13,5,100,6.7,0,1,1
5,302,100,23.3,0,0,1
9,251,81,19.6,0,0,1
13,192,58,10.5,1,0,1
4,5,57,9.1,0,1,0
1,201,94,20.5,0,1,0
7,61,83,9.1,0,1,1
8,246,35,15.6,0,0,0
3,107,67,5.4,0,0,1
11,177,73,16.3,1,1,0
9,195,49,15.7,1,1,1
7,185,61,10.8,0,0,0
11,11,100,7.5,0,1,1
4,93,82,13.2,1,1,1
7,99,66,10.0,1,0,1
6,37,67,18.8,1,1,0
11,157,56,15.3,1,0,1
2,295,100,11.7,0,1,1
12,169,100,10.2,1,0,1
10,381,46,18.4,1,0,1
14,134,54,11.5,1,0,0
10,102,29,15.2,1,1,1
9,208,21,17.0,0,0,0
4,5,69,22.4,0,1,0
6,380,70,10.8,0,1,1
13,246,61,18.2,1,0,1
11,200,24,14.3,1,0,1
12,91,90,21.5,1,1,1
3,48,52,22.3,0,1,1
12,458,69,16.2,0,0,1
4,196,56,19.2,1,1,1
3,85,26,4.0,1,1,1
13,47,6,17.3,0,0,1
13,179,80,15.5,0,0,1
11,290,52,16.6,1,1,1
7,99,84,14.0,1,0,1
2,244,37,15.2,1,1,1
11,310,71,14.8,1,1,1
7,346,73,15.1,0,0,1
4,52,52,11.3,0,1,1
2,186,73,14.6,0,1,1
3,187,10,9.4,0,1,0
4,34,74,24.2,1,0,0
12,154,97,15.9,0,1,1
15,106,52,12.7,0,1,1
10,199,60,17.6,1,1,1
7,293,22,2.0,0,1,1
10,15,54,8.0,1,1,1
14,244,78,11.5,0,0,1
7,114,69,6.1,0,1,1
12,178,74,15.7,1,0,1
3,323,56,14.8,0,0,1
4,126,37,14.0,1,1,1
14,15,19,23.8,0,0,0
5,99,85,11.4,0,0,1
13,261,47,27.9,0,0,0
11,269,67,22.8,1,1,1
13,183,41,17.8,1,1,0
11,421,63,12.8,1,0,1
8,18,35,22.2,1,1,0
10,54,73,22.1,0,1,1
5,299,41,6.5,1,1,1
6,141,53,23.0,1,0,0
14,234,100,11.1,0,1,1
9,186,66,24.2,0,1,0
10,244,86,12.8,0,1,1
9,54,10,27.3,0,0,0
13,153,53,16.8,1,0,1
3,283,45,14.0,0,0,0
8,150,100,17.9,0,1,1
5,259,89,16.1,1,1,1
11,227,43,11.8,0,1,1
2,328,60,16.9,1,1,1
14,208,100,18.4,0,1,1
11,270,69,22.7,0,1,1
11,163,29,13.7,1,0,1
2,110,74,25.0,1,1,0
6,36,71,22.2,0,0,0
7,163,60,10.3,1,0,1
3,165,70,9.7,0,1,0
8,266,50,25.4,0,0,0
3,206,83,6.5,0,1,1
2,5,91,11.7,0,1,1
10,112,64,24.3,0,1,1
3,427,90,21.1,0,1,1
6,273,46,10.1,0,1,1
13,159,48,19.2,1,0,1
5,190,96,8.1,1,0,1
10,93,13,14.5,1,1,0
13,361,75,8.9,1,1,1
14,326,74,13.6,0,0,1
1,135,87,26.3,1,1,1
2,121,32,15.8,0,1,0
3,218,56,12.2,1,1,0
3,241,46,8.0,1,0,0
4,176,100,25.0,1,1,0
7,107,71,9.0,0,1,1
4,271,90,14.4,1,0,1
1,74,39,13.6,1,0,0
11,289,39,24.0,1,0,1
5,177,41,2.0,1,0,1
8,268,52,15.4,1,0,1
1,5,46,19.8,1,0,0
9,215,26,17.8,1,0,0
4,5,89,10.6,1,0,1
7,204,88,8.9,1,0,1
15,231,77,16.1,1,0,1
10,80,62,8.6,0,0,0
1,232,82,2.0,1,0,1
3,254,100,15.1,0,1,1
9,158,94,11.1,0,1,1
1,122,36,15.7,1,1,1
1,218,53,13.2,1,0,1
12,285,58,13.9,0,1,1
6,215,41,12.4,1,0,1
11,193,24,20.5,1,1,0
13,404,87,12.3,0,0,1
8,188,81,17.9,0,1,1
13,102,85,13.0,0,0,1
5,65,70,27.4,1,1,0
13,182,95,14.5,0,1,1
13,52,70,13.9,0,1,1
13,322,100,18.5,1,1,1
12,203,51,17.0,1,1,1
3,200,92,9.0,1,1,1
13,338,57,2.3,1,0,1
2,335,59,9.0,1,0,1
6,280,73,13.6,0,0,1
5,132,36,24.7,1,1,0
7,326,98,21.0,0,1,1
1,228,59,9.6,1,1,1
13,38,89,12.2,0,0,1
7,213,53,18.5,1,0,0
3,284,26,15.8,1,0,1
4,59,43,18.1,1,1,1
10,222,72,18.8,0,0,1
6,229,53,19.0,1,1,1
10,164,35,21.6,0,1,0
11,5,81,11.8,1,0,0
1,219,64,19.3,0,1,0
15,241,53,19.4,0,1,1
12,67,87,11.8,1,0,0
5,224,100,13.7,1,0,1
14,177,52,19.8,0,1,1
12,53,33,20.7,1,0,0
14,167,55,15.4,1,1,1
9,68,65,20.9,1,1,0
12,202,85,2.0,0,1,1
2,101,14,18.1,0,0,0
8,163,83,24.7,0,1,1
6,376,78,15.5,1,0,1
2,150,38,28.0,0,1,0
12,194,73,15.3,1,1,1
14,105,64,10.5,0,0,0
11,106,59,12.4,0,1,1
9,11,57,6.0,1,0,1
13,189,23,13.1,0,0,0
15,218,93,3.7,0,0,1
5,160,76,16.3,0,0,1
12,141,40,21.5,0,1,0
9,408,58,10.7,1,0,1
11,5,20,16.6,1,0,0
10,5,82,12.1,0,0,1
10,373,82,13.4,0,0,1
12,5,42,13.7,1,0,0
1,164,61,13.7,0,0,0
13,200,71,8.5,1,0,1
7,168,60,19.2,0,1,0
9,294,67,11.3,1,1,1
13,42,62,14.8,1,1,1
12,164,12,11.7,0,0,0
8,199,34,22.6,1,0,0
3,296,70,11.1,1,1,1
14,36,82,21.0,1,1,1
6,347,53,16.7,0,1,1
2,163,80,19.8,1,1,1
2,336,18,21.2,0,1,0
14,49,49,8.4,1,0,0
15,143,79,22.9,0,1,0
12,112,54,4.9,1,0,1
8,295,100,7.6,1,1,1
8,176,67,10.1,0,0,0
9,123,59,18.3,1,0,1
6,127,57,14.5,0,0,1
10,148,99,18.4,1,1,1
14,263,51,22.0,0,1,1
5,167,71,5.6,1,1,1
7,36,63,25.4,0,0,0
5,256,72,4.2,0,1,1
13,85,44,14.0,1,0,1
2,5,78,8.6,1,1,1
6,428,37,2.0,1,0,1
9,312,100,7.6,1,0,1
3,124,57,30.0,1,1,0
3,210,71,21.5,0,1,0
6,216,50,16.6,0,1,0
12,254,50,17.3,1,1,1
9,315,58,4.4,1,1,1
1,71,43,11.4,1,1,1
7,5,100,21.3,1,0,1
5,173,67,18.1,0,0,0
3,246,62,13.8,1,0,1
4,156,88,18.6,0,0,0
8,258,64,14.9,1,1,1
12,314,83,10.4,0,1,1
10,63,25,11.2,1,0,1
9,294,72,19.4,0,1,0
8,103,70,19.8,1,1,0
8,322,77,17.1,1,1,1
14,176,37,14.0,1,1,1
4,98,56,10.2,1,1,1
5,5,65,15.0,1,0,0
8,259,83,5.4,1,1,1
15,87,36,20.0,1,1,1
11,148,9,18.8,1,1,0
13,187,66,23.2,0,1,1
12,5,64,25.8,0,1,0
11,205,47,19.8,1,1,1
14,237,72,21.4,1,1,1
10,227,47,14.8,0,0,1
15,96,49,11.9,0,0,1
7,81,88,15.0,1,1,1
13,140,63,20.0,0,0,0
15,101,52,6.9,0,1,1
15,122,81,16.6,1,1,1
13,282,56,17.3,1,1,1
1,211,45,2.0,0,0,1
12,350,83,20.8,0,0,1
14,190,64,11.3,0,0,0
7,253,90,14.2,1,0,1
14,180,75,6.3,1,0,1
10,113,29,12.0,0,1,1
11,125,96,17.0,1,0,1
8,254,31,21.2,1,0,0
6,260,33,5.7,0,1,1
12,225,37,9.8,0,0,1
13,37,100,9.6,1,0,1
14,140,75,11.7,1,1,1
2,184,34,19.4,1,0,1
3,152,35,2.0,1,1,1
1,469,79,14.9,1,1,1
13,182,73,7.9,1,1,1
12,265,77,17.6,0,1,1
12,260,74,12.9,0,0,1
8,192,98,7.6,1,0,1
9,199,61,16.0,1,0,1
5,153,97,5.4,1,0,1
3,167,18,13.9,1,0,1
10,182,65,7.4,1,1,1
15,134,52,22.7,1,0,0
11,46,66,18.0,0,1,1
6,369,34,10.1,0,0,1
9,151,71,20.9,0,0,1
14,141,63,10.0,1,0,1
12,5,64,27.1,1,0,0
8,157,51,13.9,0,1,1
7,5,98,6.5,1,0,1
11,128,74,5.4,1,0,1
14,422,25,16.1,0,0,1
1,231,60,11.2,1,1,1
9,396,55,19.3,0,0,0
8,65,71,23.9,0,1,0
13,142,59,7.5,0,1,1
15,285,48,12.2,1,1,1
15,127,58,27.6,1,1,1
11,136,43,19.5,0,1,1
9,102,93,23.5,1,0,0
4,5,85,10.9,0,0,0
8,5,82,7.7,1,1,1
4,181,36,12.6,1,1,1
4,192,74,26.9,0,0,0
7,374,62,9.6,0,0,1
2,157,83,14.2,0,1,1
12,5,59,7.5,0,0,0
7,286,49,2.0,1,0,1
13,232,70,22.4,0,0,0
5,261,89,4.3,0,1,1
13,119,57,17.1,1,0,1
3,98,60,8.5,0,1,1
1,261,31,19.0,0,1,0
1,5,43,22.2,1,1,0
6,124,71,19.7,1,1,1
7,108,95,25.4,0,1,1
4,190,39,10.0,1,0,1
15,230,95,18.9,0,1,0
9,306,35,12.7,0,1,1
4,419,100,18.6,1,0,1
14,244,82,13.1,1,0,1
14,207,72,19.0,0,0,1
11,280,44,11.7,0,0,1
13,232,79,17.7,0,1,1
15,179,76,8.4,1,1,1
1,263,81,13.2,0,0,0
2,5,51,20.3,1,0,0
12,240,61,15.0,0,1,0
9,263,70,18.0,1,1,1
9,5,87,12.1,1,1,1
9,263,50,21.4,1,1,1
12,262,25,22.3,1,1,0
6,135,63,4.3,1,1,1
14,56,26,5.9,0,0,1
9,104,98,11.8,1,1,1
6,46,90,14.1,0,1,1
4,199,72,21.7,1,1,1
14,136,26,12.5,1,1,1
12,64,36,17.1,1,0,1
9,183,41,13.6,1,0,0
9,286,85,3.9,0,0,1
2,5,43,14.5,0,0,0
14,69,34,16.2,0,0,0
1,93,64,11.7,0,1,1
10,380,93,7.2,1,1,1
9,277,31,19.9,1,0,1
12,45,37,21.1,1,1,1
14,246,68,17.3,1,0,1
2,305,89,13.6,0,0,1
9,5,72,18.4,1,1,1
7,314,51,18.4,0,1,0
8,177,55,16.4,0,0,1
14,164,80,12.4,0,0,1
7,389,94,7.2,1,1,1
1,119,66,16.8,0,0,0
7,85,42,9.5,1,0,0
15,171,42,19.1,0,0,1
14,110,65,18.0,1,1,1
2,189,78,17.9,1,0,1
14,284,82,10.4,1,0,1
10,261,54,21.4,0,1,1
5,85,25,16.8,0,0,0
14,152,96,7.0,1,1,1
12,107,100,27.0,0,0,0
6,114,81,12.7,0,0,1
14,183,12,14.9,0,1,0
10,120,96,7.5,1,1,1
5,146,53,19.7,1,1,1
9,248,84,13.0,1,1,1
10,49,39,30.0,1,0,0
5,17,26,17.9,0,0,0
3,245,53,14.2,1,0,1
6,190,4,13.6,1,0,1
5,201,100,17.2,1,1,1
2,290,72,17.5,0,0,1
8,426,31,17.8,1,0,1
6,246,37,12.5,0,1,0
1,297,82,7.5,1,1,1
2,94,28,13.7,0,0,0
3,471,70,6.7,0,1,1
8,302,100,5.5,0,0,1
5,404,69,9.8,1,1,1
2,5,60,17.0,1,1,0
12,58,62,9.4,1,0,1
3,72,49,9.0,1,0,0
6,283,54,15.2,1,1,1
7,144,58,30.0,0,1,0
12,355,84,16.7,0,1,1
7,224,69,14.7,1,1,1
11,311,44,7.1,1,0,1
5,83,58,22.4,1,1,1
10,174,61,20.1,0,0,0
9,107,65,22.2,0,1,0
4,5,75,11.2,1,1,0
2,105,55,11.4,1,1,1
5,287,91,18.9,0,1,1
12,155,59,18.6,1,1,1
10,91,62,17.7,1,1,1
15,264,79,15.5,1,0,1
6,229,38,23.4,0,0,0
11,126,48,16.8,1,0,1
1,203,67,25.2,1,1,0
7,202,83,8.8,0,0,1
4,397,54,9.9,0,1,1
8,49,40,12.8,0,1,0
8,181,82,9.6,0,1,1
2,241,85,11.1,0,0,1
6,48,82,16.0,1,0,1
6,38,37,18.6,1,0,0
12,235,25,20.1,1,1,1
1,246,75,10.8,0,0,1
11,211,46,8.9,0,0,0
12,221,20,15.6,0,0,0
6,261,52,13.0,1,1,1
7,220,67,17.8,0,0,0
7,270,75,8.9,1,0,1
15,175,56,17.0,0,1,1
7,309,27,18.7,0,0,1
13,226,87,27.1,0,0,0
9,209,86,15.9,0,1,1
8,137,99,10.1,0,1,1
8,239,25,17.2,1,1,0
10,255,82,11.4,0,1,1
8,414,47,8.6,0,1,1
10,415,60,21.1,0,0,1
4,90,47,22.4,1,0,1
12,247,38,26.9,0,1,0
3,139,68,24.3,1,1,1
11,229,71,15.3,0,0,1
3,5,52,16.4,0,1,0
10,226,54,25.5,0,1,0
8,124,56,14.6,0,0,0
9,203,41,8.2,1,1,1
7,255,39,20.4,1,1,1
10,210,80,14.8,0,0,1
5,118,55,13.8,0,1,1
8,158,21,12.1,1,0,1
5,149,53,14.6,1,0,1
8,284,43,7.8,0,1,1
14,121,51,10.4,0,1,0
1,125,64,18.6,1,1,1
14,130,36,14.8,0,1,0
2,248,15,12.8,0,0,0
10,202,100,17.1,1,1,1
3,168,15,14.5,0,0,0
10,289,46,14.3,1,1,1
3,388,51,26.0,1,1,1
5,237,69,17.4,0,0,0
13,146,81,14.7,1,0,0
14,173,100,22.5,0,0,1
12,294,50,4.8,1,0,1
11,367,53,13.5,1,1,1
11,408,100,28.3,1,1,1
2,215,22,23.9,0,1,0
5,206,32,11.5,1,1,0
6,107,46,11.7,0,0,0
8,47,65,22.3,1,0,0
7,93,54,22.1,0,1,0
8,116,72,8.4,1,1,1
6,229,52,10.0,0,1,1
15,244,90,11.2,0,0,1
13,5,45,14.8,1,0,1
14,67,43,16.8,0,1,1
7,5,6,11.4,0,0,0
5,5,47,11.8,0,1,1
6,133,69,15.8,1,0,1
15,272,65,18.0,0,0,1
5,5,100,13.3,0,1,1
12,174,49,11.6,0,0,1
2,5,78,12.5,0,0,0
8,125,91,11.8,0,0,1
14,92,78,19.1,0,1,1
8,158,76,15.6,0,0,1
12,93,78,13.8,0,0,1
15,191,66,14.3,1,0,1
14,369,84,20.2,0,0,1
10,73,83,20.3,0,0,1
12,107,54,5.2,0,0,0
10,299,48,18.8,1,0,1
2,218,31,15.5,0,0,0
7,157,19,22.2,1,1,1
3,236,98,9.3,0,1,1
4,291,54,21.8,1,0,0
11,81,44,11.8,1,0,1
9,326,53,17.1,0,1,1
1,5,66,3.5,0,1,1
4,15,100,20.5,1,0,1
1,331,38,18.3,1,1,1
14,211,91,19.4,1,1,1
3,5,35,14.3,1,0,1
2,44,100,24.1,0,1,1
15,188,54,9.3,0,1,1
11,210,28,17.0,1,1,1
2,5,38,12.5,0,1,1
2,246,26,17.9,0,0,0
7,309,48,14.4,0,1,1
12,25,25,11.5,0,0,1
15,5,0,12.3,1,0,0
10,324,48,12.5,0,1,1
11,5,50,16.1,0,0,1
3,118,60,2.0,0,0,1
6,234,35,15.4,1,0,1
12,138,64,9.2,1,0,1
1,253,63,11.5,1,1,1
2,265,8,22.0,1,0,0
9,231,89,6.8,1,0,1
10,145,40,25.4,0,1,0
13,113,65,7.8,0,0,1
9,218,51,14.4,0,0,0
1,5,68,25.5,0,0,0
7,207,77,7.4,0,0,1
14,204,100,10.6,0,1,1
4,273,73,16.4,1,1,1
2,324,63,3.2,1,0,1
15,157,67,14.7,0,0,1
9,5,63,4.1,0,1,1
8,168,70,9.8,1,1,1
9,305,74,14.2,1,0,1
5,95,81,24.9,1,0,1
10,92,69,7.2,1,0,1
9,234,13,8.0,0,0,1
7,143,29,17.3,0,0,0
11,156,41,21.3,0,1,1
11,121,44,17.9,1,1,1
9,163,78,3.5,0,1,1
1,188,49,14.5,0,1,1
15,5,97,15.2,0,1,1
6,294,34,17.8,1,0,1
9,281,6,14.4,0,1,1
10,231,71,10.8,0,1,1
3,166,37,20.1,0,1,0
6,5,50,8.8,1,1,1
5,31,62,23.0,0,0,0
3,107,71,12.2,0,0,1
8,41,16,12.7,1,1,1
9,168,49,9.3,1,0,1
8,21,79,9.0,1,0,1
13,5,47,20.9,1,0,1
14,297,73,8.4,1,0,1
4,86,93,7.8,1,1,1
11,287,100,12.5,1,1,1
3,453,44,5.8,0,1,1
9,265,12,12.8,0,0,1
13,202,70,16.3,0,0,1
14,65,43,10.4,0,0,1
7,288,71,22.1,1,0,1
5,380,98,19.4,0,0,0
4,5,46,10.6,1,0,1
14,53,78,23.2,1,0,1
8,214,35,9.9,0,0,0
7,273,59,12.5,1,1,1
11,51,100,7.3,1,0,1
15,300,28,16.1,0,1,1
15,181,100,5.0,0,0,1
10,159,79,17.6,0,1,1
15,207,13,18.6,1,0,1
7,256,86,17.2,0,1,1
15,74,42,22.1,0,0,0
13,151,61,9.6,1,1,1
8,259,100,9.7,1,1,1
3,207,76,13.7,0,1,1
1,285,78,9.5,1,0,1
8,320,63,15.5,1,0,1
2,76,60,2.1,0,0,1
14,5,97,13.0,0,0,1
13,104,52,23.5,1,1,0
14,333,68,7.8,0,0,1
6,381,36,8.1,1,0,1
6,220,36,16.3,0,0,0
13,312,86,18.2,1,1,1
1,391,59,7.9,0,0,1
4,430,34,12.8,0,1,1
15,173,35,21.7,0,0,1
3,203,37,5.7,1,0,1
10,312,71,15.0,0,0,1
14,48,80,20.5,1,0,1
11,370,74,23.4,1,0,1
6,16,56,18.0,0,0,0
7,264,53,8.8,1,1,1
9,64,100,13.3,1,0,1
14,261,56,11.9,0,1,1
12,231,61,11.4,1,0,1
1,189,6,17.7,1,0,0
6,41,17,4.2,0,0,0
3,94,100,11.8,1,0,1
6,228,63,14.5,0,0,0
11,354,100,4.9,1,1,1
4,146,35,18.0,0,0,0
13,439,89,16.3,0,0,1
8,312,45,10.1,1,0,1
8,283,63,5.5,1,1,1
2,171,58,26.8,1,0,0
2,240,97,28.6,0,1,1
5,238,74,16.2,0,0,1
15,232,0,19.1,1,0,0
9,153,100,11.0,0,1,1
10,418,39,11.7,1,0,1
11,280,65,7.2,0,1,1
2,107,58,17.6,1,0,0
7,5,86,16.5,1,1,1
2,233,87,17.8,0,1,1
14,242,57,28.6,1,0,1
1,248,28,7.3,1,0,1
11,197,44,15.8,1,0,1
4,263,31,14.3,0,1,0
8,133,49,12.1,0,1,0
8,164,45,2.0,1,1,1
9,310,50,15.1,1,0,1
7,383,100,15.9,1,0,1
5,201,26,12.5,1,1,1
14,125,54,14.5,1,0,1
12,186,33,10.7,0,0,0
13,297,7,21.9,1,0,1
14,143,0,12.8,1,1,0
11,58,47,24.2,1,0,0
2,69,20,13.0,1,0,0
15,239,46,18.1,0,0,0
8,277,58,13.9,0,0,0
13,321,44,15.3,0,0,1
2,119,25,16.9,1,0,0
11,240,46,22.3,0,1,1
12,385,16,17.6,0,0,1
7,84,70,22.7,1,1,0
15,240,0,9.2,0,1,1
3,110,30,13.8,0,0,0
10,5,33,24.0,0,1,0
15,167,29,27.6,1,1,1
11,261,39,14.7,1,1,1
5,219,96,20.3,1,0,1
11,345,67,19.1,1,0,1
15,46,59,11.8,1,0,1
8,221,100,4.0,1,1,1
14,256,63,14.3,1,1,1
8,207,41,2.0,0,0,1
12,295,61,16.4,1,1,1
7,206,82,13.2,0,0,1
15,218,64,7.4,1,1,1
14,80,44,10.1,1,0,1
3,434,93,26.5,0,1,1
7,188,27,10.8,0,0,1
15,328,50,21.4,0,0,1
8,456,23,22.6,0,1,1
5,63,85,17.0,1,1,1
11,81,42,27.3,0,0,0
8,273,40,10.3,1,0,1
8,18,49,15.2,1,1,1
15,158,69,19.2,1,0,1
7,61,52,22.2,0,0,0
13,15,68,3.1,0,0,1
11,407,36,10.0,0,1,1
9,5,44,18.6,0,0,0
3,151,78,17.5,0,0,1
10,139,69,14.3,1,1,1
7,120,55,9.1,1,1,1
8,82,32,16.6,1,1,1
1,273,49,17.4,1,1,1
2,233,39,15.9,1,0,1
5,180,7,16.0,1,1,1
12,136,41,17.2,1,0,1
13,323,28,19.4,0,0,0
13,162,68,21.2,1,1,1
12,42,80,14.6,0,1,0
5,188,56,22.2,1,1,1
1,45,50,16.1,0,1,0
4,252,38,29.9,1,1,0
14,333,56,18.2,0,0,1
8,326,86,20.2,0,1,1
9,111,68,20.6,0,1,0
4,307,96,9.5,1,0,1
5,163,67,11.9,1,1,1
10,230,60,6.4,1,1,1
8,213,6,21.1,0,0,0
4,569,100,13.9,0,1,1
7,299,100,5.2,0,0,1
4,105,74,18.0,1,1,0
15,36,2,20.1,1,0,0
12,5,63,19.8,0,0,0
11,125,56,12.8,0,1,0
1,94,73,16.9,1,1,1
13,60,55,2.0,0,0,1
13,351,23,11.5,0,0,1
11,330,48,10.8,1,1,1
8,192,100,16.7,1,0,1
4,218,59,10.1,1,0,1
13,207,60,9.1,0,0,1
11,259,46,21.0,0,0,0
6,86,41,4.4,1,0,1
9,5,29,2.5,1,0,1
1,161,51,8.7,1,1,1
9,235,46,16.9,1,1,0
3,201,92,18.5,1,1,1
4,210,53,15.0,0,1,1
4,160,65,9.0,0,0,0
10,13,19,7.7,0,0,0
11,72,72,15.2,0,1,0
5,258,80,9.0,0,0,1
11,77,62,7.4,0,0,0
7,134,56,12.6,1,1,1
5,132,66,14.7,1,0,1
11,99,89,7.9,0,1,1
2,321,72,13.8,1,0,1
15,304,24,9.2,0,0,1
13,328,69,9.2,0,1,1
4,106,42,20.9,1,0,0
7,373,80,21.5,1,0,1
8,162,24,11.9,0,1,1
1,335,32,12.8,0,0,0
14,12,74,10.7,1,0,0
13,125,40,15.0,0,0,0
11,135,41,16.9,0,1,0
5,196,84,6.7,1,1,1
14,48,23,10.6,0,0,0
6,294,66,5.8,1,1,1
2,216,64,3.9,0,0,0
11,172,73,2.0,0,1,1
8,197,81,19.2,1,0,1
6,84,12,12.6,0,0,0
8,347,77,17.6,1,1,1
8,113,56,25.0,1,0,1
12,373,51,23.0,0,0,1
15,250,41,6.5,1,1,1
7,301,38,6.0,1,0,1
15,169,73,20.7,0,1,0
2,402,65,12.9,1,1,1
5,148,51,20.8,1,0,0
11,38,64,19.0,0,1,1
12,286,79,15.4,0,1,1
4,329,26,12.9,1,1,1
11,225,90,11.4,1,0,1
9,130,82,18.2,0,0,1
3,146,28,18.1,1,1,0
2,442,74,11.5,1,1,1
5,168,54,21.7,0,0,0
7,92,100,15.3,1,0,1
8,107,69,16.9,1,0,0
8,421,92,12.6,1,0,1
12,221,62,17.1,0,0,1
1,240,96,18.4,0,0,0
10,343,100,30.0,1,0,1
8,209,7,18.3,1,1,0
14,410,40,4.9,0,1,1
13,5,78,2.6,1,1,1
2,5,51,24.9,0,0,1
6,76,59,15.1,1,1,1
1,15,74,2.0,0,1,1
12,121,75,15.1,1,0,1
4,61,64,14.5,0,0,0
7,122,77,11.9,0,1,1
4,440,24,3.9,1,0,1
1,98,52,10.3,0,1,1
10,371,80,20.2,0,1,1
12,41,0,10.1,0,1,0
8,242,54,14.9,0,0,0
3,204,79,5.3,0,1,1
10,291,49,19.2,1,1,1
10,167,69,10.6,0,1,1
6,235,64,8.9,1,1,1
3,355,71,20.8,1,1,1
9,269,66,9.3,1,0,1
10,60,44,16.1,1,1,0
3,37,86,18.4,0,1,0
13,5,56,12.3,1,1,1
11,136,9,12.7,1,1,0
7,256,42,25.1,0,0,1
3,337,54,20.2,0,0,1
13,316,50,8.4,0,1,1
3,166,65,22.4,0,1,0
9,251,45,14.2,0,1,1
2,5,40,23.1,0,1,0
13,172,66,13.2,1,0,1
7,155,65,21.9,1,1,0
1,367,21,24.8,0,1,0
14,150,12,12.3,1,0,0
12,107,56,20.7,1,0,0
4,216,32,9.7,1,1,1
11,91,100,13.5,0,0,0
12,308,91,14.3,0,1,1
5,173,68,20.3,1,0,1
14,254,100,17.3,1,0,1
12,5,0,17.3,0,0,0
6,118,66,14.6,0,1,1
10,190,41,20.9,1,0,0
6,243,48,11.1,0,0,1
13,181,71,13.4,0,1,1
7,128,79,13.2,0,1,1
4,298,42,5.7,1,1,1
4,121,35,13.9,1,0,1
6,178,67,25.9,1,0,0
10,213,47,9.9,0,0,1
6,122,68,29.1,1,0,0
9,130,58,17.4,1,0,0
14,334,0,2.0,1,1,1
5,311,20,2.0,0,1,1
2,209,32,9.1,0,0,0
4,193,44,18.0,0,1,0
4,77,31,13.5,1,0,0
3,275,13,15.3,0,1,0
1,402,47,16.9,0,0,1
13,5,81,15.0,1,0,1
4,15,72,26.2,1,1,0
11,213,60,5.6,1,1,1
7,106,72,5.6,0,0,1
10,352,51,23.7,0,0,0
2,5,82,11.5,1,0,1
11,183,21,16.0,1,0,1
15,239,58,21.5,1,1,1
11,205,32,16.4,0,1,1
4,79,95,14.4,0,1,0
14,299,52,19.6,1,0,1
15,172,72,16.7,1,0,1
9,45,83,14.2,0,0,1
10,16,33,2.9,1,0,1
12,108,35,14.6,1,0,1
11,431,22,22.0,0,0,1
10,86,65,12.3,1,0,1
11,361,75,18.1,0,1,1
2,5,54,22.2,1,0,0
4,53,63,9.1,1,1,1
11,129,25,9.2,0,0,1
2,23,20,11.2,0,1,0
6,156,48,15.3,1,0,0
6,239,69,12.5,1,1,1
6,44,88,15.9,0,0,0
11,177,57,22.3,1,1,0
3,88,85,11.4,1,1,1
6,383,49,19.1,1,1,1
3,270,64,17.8,0,1,0
3,5,72,2.6,0,1,1
11,292,64,26.7,0,0,0
14,101,60,14.7,0,1,0
4,67,45,2.8,0,1,1
9,150,18,17.4,1,0,1
4,207,51,18.5,1,0,1
9,216,39,16.7,0,1,1
1,108,100,11.8,0,0,0
3,99,65,4.5,1,0,1
10,48,63,21.0,0,1,0
1,5,100,16.8,0,1,1
5,198,64,11.0,1,0,1
4,107,49,10.9,1,1,1
8,197,74,18.1,0,0,0
6,218,46,20.0,0,1,0
5,71,35,21.5,0,1,0
6,238,86,9.7,0,1,1
15,164,81,14.3,0,1,1
14,244,81,11.0,1,1,1
15,52,0,16.2,0,0,0
4,211,11,12.9,0,1,0
3,344,32,22.5,0,1,1
14,71,31,17.1,0,0,0
6,192,47,4.3,0,1,1
8,207,45,11.7,0,0,1
7,320,53,13.0,0,0,1
10,17,65,18.3,0,0,0
1,5,40,9.7,0,0,0
15,237,97,12.0,0,1,1
10,317,67,22.6,0,1,0
4,41,26,5.7,1,1,1
3,322,100,20.1,0,1,1
13,110,31,20.1,0,1,1
11,192,69,16.9,1,1,1
2,335,73,20.1,0,1,1
2,124,78,6.6,0,0,1
15,36,67,9.9,1,0,1
3,175,20,17.5,1,0,0
9,285,60,17.4,0,0,1
3,109,48,20.1,0,1,0
6,83,86,2.0,0,1,1
13,64,26,5.5,1,1,1
13,154,69,19.1,0,1,1
8,258,58,7.9,0,0,1
15,109,36,13.9,1,1,1
12,129,68,17.1,0,0,0
7,121,86,18.0,0,1,1
2,321,88,6.7,0,1,1
5,173,46,16.0,1,1,1
10,240,38,19.5,1,1,1
7,206,52,13.7,1,0,1
9,55,100,4.1,1,1,1
10,224,74,14.4,1,1,1
14,229,54,23.4,0,0,1
12,284,35,14.5,0,0,1
7,59,69,11.8,1,0,1
11,51,100,9.6,0,0,1
8,275,45,20.1,1,0,1
4,354,60,11.4,1,0,1
12,277,45,10.5,1,1,1
9,38,100,11.6,1,0,1
14,205,35,15.0,0,1,1
4,157,89,21.1,1,0,1
10,124,33,11.3,0,0,0
6,245,5,15.0,0,0,0
2,146,92,17.5,1,1,1
7,154,83,24.8,1,0,1
12,48,53,12.9,0,0,1
12,262,39,15.4,1,1,0
5,353,47,15.3,0,0,1
7,317,0,14.9,0,1,1
9,125,100,9.7,0,0,1
6,222,91,11.0,0,1,1
14,311,70,5.7,1,1,1
10,226,80,10.9,1,0,1
13,242,29,2.9,1,1,1
14,277,63,13.6,0,1,1
2,256,100,6.6,1,0,1
4,5,54,13.5,1,1,0
9,185,75,19.2,0,1,1
2,142,36,16.5,1,1,1
15,357,52,11.6,0,1,1
4,266,56,11.1,1,0,1
11,77,60,18.9,0,1,0
4,237,33,19.9,0,1,0
4,263,87,20.2,0,1,1
2,152,45,23.8,0,0,0
11,55,76,10.2,1,0,1
9,6,47,14.5,0,1,1
6,294,73,13.9,1,1,1
13,241,91,15.8,1,1,1
10,60,23,19.0,0,0,0
7,249,56,23.4,1,0,1
7,294,59,11.3,0,1,0
12,229,68,15.5,1,1,1
1,466,89,19.3,0,1,1
6,300,72,15.2,1,1,1
5,170,0,16.3,0,1,0
10,371,60,7.9,1,1,1
7,54,71,16.7,0,1,1
6,85,60,6.8,1,1,1
3,242,72,15.0,0,0,0
12,372,52,15.8,1,0,1
14,75,62,21.6,1,0,1
12,151,49,11.8,0,1,1
3,5,92,11.0,1,1,1
15,27,76,19.0,1,1,1
9,60,66,7.9,0,1,1
3,303,79,15.1,0,0,0
8,257,60,2.0,0,1,1
5,177,90,8.4,1,1,1
15,213,67,4.9,1,1,1
2,510,52,19.4,1,0,1
11,5,55,13.4,0,1,1
11,166,66,14.1,1,1,1
7,238,11,2.7,1,1,1
3,240,58,6.6,0,1,1
10,148,20,10.6,1,0,1
6,351,49,19.5,0,1,1
5,259,39,16.8,1,1,1
8,338,38,18.8,1,1,1
3,161,55,9.9,0,0,0
11,172,66,15.5,1,0,1
7,290,33,20.2,0,0,1
15,250,75,3.5,1,0,1
7,123,41,23.1,0,0,0
3,83,61,19.1,0,1,0
4,319,73,2.0,1,1,1
3,112,71,2.0,0,0,1
6,243,63,22.1,1,1,1
14,284,83,15.8,1,1,1
12,122,39,10.9,0,1,0
11,170,17,16.1,1,1,0
8,197,46,30.0,0,0,0
6,30,65,11.4,1,1,1
1,19,70,10.9,0,0,1
8,299,94,9.9,0,1,1
8,255,48,10.4,1,0,1
13,207,75,10.1,1,0,1
9,111,56,8.6,1,0,1
9,5,31,19.0,1,1,1
12,132,34,8.8,1,1,1
2,257,83,12.0,1,0,1
13,212,39,11.9,1,1,1
9,279,63,7.4,1,1,1
2,307,50,23.1,0,0,1
11,379,67,18.5,1,1,1
10,233,47,12.3,1,0,1
3,25,56,21.6,0,0,0
2,364,88,12.2,1,1,1
8,180,90,20.9,0,0,1
1,250,54,15.5,1,0,1
5,389,86,10.6,1,1,1
13,133,70,16.4,0,1,1
13,274,84,17.0,0,0,1
7,156,86,14.7,0,1,1
15,141,34,14.3,1,1,1
2,101,54,9.4,0,1,1
8,144,96,24.2,0,0,1
12,58,7,6.2,0,0,0
11,345,62,17.3,1,1,1
12,36,82,16.7,0,0,1
11,247,100,13.7,1,0,1
1,203,100,2.4,0,0,1
7,166,74,11.1,1,0,1
5,265,100,19.8,0,1,1
1,129,48,4.2,0,1,1
3,267,28,21.3,1,0,1
8,91,56,24.6,0,1,0
13,181,54,15.5,0,0,1
3,5,100,15.9,0,0,0
6,173,41,13.9,1,1,0
1,453,29,8.8,1,1,1
5,334,60,7.6,0,1,1
9,267,73,19.3,1,1,1
3,442,42,24.7,1,1,1
5,239,17,14.0,0,0,0
8,279,86,2.6,1,1,1
8,314,55,19.4,0,1,1
15,220,53,7.7,0,1,1
4,265,60,14.2,1,0,1
9,143,86,13.0,1,0,1
8,269,54,15.2,0,1,1
11,177,67,7.9,1,0,1
11,253,21,16.2,0,0,0
3,184,85,17.0,0,0,1
8,60,63,15.5,0,0,1
11,294,100,14.9,1,1,1
12,190,42,4.1,1,0,1
10,12,100,14.3,0,0,0
4,286,31,10.4,1,0,1
11,303,72,16.5,0,1,1
15,228,65,8.8,1,1,1
1,51,62,12.1,1,0,1
14,175,24,14.2,1,0,0
9,380,45,5.5,0,0,1
9,14,49,13.5,1,0,1
11,262,42,13.4,0,0,1
9,197,62,17.6,1,0,1
10,227,71,5.5,1,1,1
7,237,78,10.8,0,0,1
9,111,73,21.2,1,1,1
9,288,63,14.3,1,1,1
9,269,68,28.7,1,1,1
11,242,46,9.8,1,1,1
10,196,100,13.9,0,1,1
15,212,8,14.4,1,1,0
8,275,84,12.0,1,0,1
5,88,31,16.9,0,0,0
5,130,35,18.3,0,1,0
4,23,13,14.3,1,0,0
12,206,48,13.8,1,0,1
8,304,11,12.8,1,0,1
6,69,100,11.2,0,0,1
5,246,45,3.9,0,1,1
4,303,51,9.9,0,1,1
3,140,47,15.9,1,0,1
5,465,80,22.0,0,1,1
1,56,61,15.6,1,1,0
7,158,69,17.2,1,0,0
4,214,47,11.9,0,1,1
9,394,60,13.7,0,1,1
3,532,33,12.4,1,0,1
11,252,83,25.8,1,1,1
10,53,53,16.8,0,0,1
13,12,90,16.1,1,0,1
2,167,38,19.5,1,0,0
5,296,59,11.4,0,1,1
13,278,70,9.2,0,0,1
4,123,22,10.1,1,1,0
4,130,41,5.2,0,0,1
13,330,40,16.6,1,1,1
10,322,39,21.6,0,0,0
7,19,78,22.7,1,1,1
6,36,77,12.5,0,1,1
6,5,28,10.3,1,0,0
15,103,76,21.2,0,0,0
3,374,70,7.7,0,0,1
4,107,82,24.4,0,1,1
12,5,37,22.9,0,1,0
1,189,78,19.2,1,0,0
4,154,52,20.1,0,1,0
10,149,87,14.2,0,0,1
15,88,35,13.4,0,1,1
5,83,64,11.1,0,1,1
11,5,54,13.8,0,0,0
5,206,30,21.5,1,0,1
14,203,59,11.9,1,0,0
9,237,16,11.8,0,1,1
10,210,89,10.4,0,0,1
8,118,39,12.9,0,0,1
9,53,70,4.8,1,1,1
12,140,100,13.4,0,0,1
6,5,60,18.7,1,1,1
9,200,89,11.8,1,0,1
15,5,37,4.2,1,0,0
5,174,62,15.4,0,0,0
7,157,22,23.2,0,0,0
9,121,99,7.5,0,1,1
3,48,58,17.6,1,1,0
6,488,3,18.7,1,0,1
3,109,44,9.5,0,0,1
12,281,60,23.1,0,1,0
13,20,5,10.8,0,0,0
9,192,63,6.5,0,0,1
15,208,78,3.6,0,0,1
15,37,50,18.2,1,1,1
12,77,60,5.8,1,0,1
2,155,87,11.8,0,0,1
10,88,81,10.7,1,0,1
4,134,10,11.6,0,1,1
13,184,30,20.6,1,0,1
10,158,76,20.8,1,1,1
7,87,15,10.9,1,1,1
4,192,51,19.1,0,0,0
1,173,89,17.1,1,1,1
11,107,44,9.9,0,0,1
15,270,54,6.9,1,1,1
14,218,24,12.3,1,0,1
13,384,32,20.9,0,1,1
7,104,53,8.8,0,0,1
14,175,76,21.5,0,0,0
7,5,59,16.8,0,1,0
11,140,63,24.1,0,0,0
7,135,47,14.0,1,1,1
7,158,59,12.1,1,0,1
15,415,71,15.5,0,1,1
8,5,78,15.8,0,0,1
10,94,50,12.5,0,1,1
8,134,100,17.6,0,0,1
15,164,43,2.0,0,1,1
6,264,73,16.0,0,0,1
12,121,81,8.7,1,1,1
12,152,56,15.8,1,0,1
7,256,66,22.2,0,0,0
10,240,75,7.6,0,0,1
3,90,43,19.5,0,1,0
12,77,44,21.7,1,1,0
2,158,57,22.8,0,0,1
13,337,65,14.0,1,0,1
14,53,51,7.6,1,0,1
8,382,100,22.3,0,0,1
8,136,18,27.2,1,1,0
10,120,93,9.2,0,0,1
5,159,75,14.6,0,0,1
1,189,86,14.8,1,0,1
1,54,59,11.3,1,1,0
1,183,77,21.5,0,1,0
3,212,35,15.0,1,0,0
12,138,50,9.1,1,0,1
5,99,64,6.9,1,1,1
14,408,85,24.9,0,1,1
2,320,41,11.1,1,1,1
12,322,98,11.7,1,1,1
9,89,69,21.7,0,0,0
2,229,53,15.7,0,1,0
10,157,57,13.7,1,1,1
6,230,65,7.4,1,1,1
10,287,60,19.0,1,1,1
3,304,62,11.9,0,1,0
1,159,51,17.3,0,0,0
13,141,15,9.4,0,0,0
7,385,57,17.0,1,0,1
9,82,69,10.6,0,0,1
12,198,67,10.3,1,1,1
5,430,34,13.0,1,1,1
2,274,46,2.0,1,1,1
10,271,16,11.4,0,0,1
14,353,83,13.9,1,1,1
13,164,88,9.7,0,0,1
11,301,58,23.3,1,1,1
14,173,36,15.0,1,0,0
5,121,24,19.2,1,0,1
11,5,93,30.0,1,1,1
3,103,100,7.1,1,0,1
7,201,93,17.2,0,1,1
2,65,51,9.0,1,1,1
5,112,22,22.5,1,0,0
4,27,55,15.4,1,1,0
5,219,33,25.3,0,1,1
6,132,41,14.4,0,0,0
8,176,54,15.4,0,1,0
3,138,7,20.8,0,1,0
12,87,100,15.5,1,1,1
14,282,69,17.4,0,0,1
1,234,53,18.3,1,1,0
9,127,100,10.4,0,0,1
1,126,29,2.0,0,1,1
1,196,58,14.1,0,1,1
13,302,55,11.6,1,0,1
4,249,95,11.2,1,1,1
13,220,35,15.1,1,0,1
3,5,69,12.7,1,0,1
10,177,35,14.7,0,0,0
9,346,26,13.8,1,1,1
12,248,51,11.9,1,0,1
5,183,72,9.1,1,1,1
1,192,52,18.8,1,0,1
1,204,19,26.3,0,1,0
12,263,39,16.8,1,1,1
14,234,51,15.2,0,0,0
13,32,42,17.7,1,0,1
13,163,74,14.4,1,0,1
11,5,62,5.2,1,1,1
4,215,63,13.3,0,1,0
7,551,53,18.1,0,1,1
15,215,54,12.5,1,1,1
2,321,63,2.0,1,0,1
8,504,54,21.6,0,1,1
10,206,38,2.0,0,0,1
12,82,64,7.5,0,1,1
2,184,66,8.3,1,1,1
7,108,18,14.3,0,0,0
8,199,94,13.6,1,0,1
14,47,80,16.1,1,1,1
6,5,96,7.6,0,0,1
2,223,30,6.0,1,0,0
8,266,46,30.0,1,0,0
3,69,45,16.5,1,1,1
2,253,35,6.7,1,1,1
11,5,47,13.2,0,0,0
3,329,90,13.0,0,0,1
8,111,45,11.1,1,1,1
8,101,50,11.2,0,0,0
6,223,37,22.6,1,1,0
15,5,69,10.1,1,1,0
10,5,94,19.0,0,1,0
14,5,100,10.6,1,0,1
9,5,51,13.6,0,0,0
14,12,21,17.7,1,0,0
14,5,87,15.2,0,0,1
10,171,0,14.1,1,1,1
7,72,50,13.9,1,1,0
11,380,37,18.0,0,1,1
9,330,70,13.6,1,1,1
3,275,13,18.9,1,0,1
2,330,64,18.9,0,0,0
8,5,38,19.0,1,0,1
11,321,70,9.2,1,1,1
12,192,2,25.0,1,0,0
7,327,20,22.5,1,1,1
3,21,79,15.0,1,0,0
14,239,80,11.4,0,1,1
9,5,22,15.8,1,0,0
10,94,80,18.2,1,1,1
8,165,75,12.3,0,0,1
9,82,100,15.2,1,1,1
9,344,63,20.1,0,0,1
12,220,45,20.9,0,1,1
15,262,6,17.7,1,0,1
9,378,75,16.4,1,1,1
13,60,100,26.9,1,1,1
12,370,45,10.2,1,1,1
8,232,50,18.2,0,0,0
5,60,72,20.2,0,1,0
3,318,29,17.8,0,1,1
10,46,44,9.3,1,1,1
1,154,80,13.1,0,0,0
12,316,39,14.6,0,1,1
3,203,87,17.9,1,0,1
13,441,64,14.1,0,1,1
3,209,69,30.0,0,1,0
7,141,62,21.4,1,0,0
12,5,45,5.2,0,0,0
14,240,37,6.4,1,0,1
13,283,17,19.9,0,0,1
7,294,90,28.2,1,1,1
13,193,49,15.0,0,1,1
7,18,38,23.3,1,1,1
14,136,81,17.0,1,0,1
13,188,85,30.0,1,1,1
9,185,78,12.8,0,0,1
11,201,53,10.0,1,1,1
11,284,47,18.5,1,1,1
13,202,71,25.2,0,1,0
7,26,37,7.0,1,0,1
10,365,68,22.3,0,1,1
3,168,51,13.1,1,0,0
14,211,58,19.5,0,0,1
9,160,38,15.4,0,1,1
12,42,62,16.4,1,1,1
1,109,65,8.2,0,0,0
11,72,86,29.0,0,0,0
2,244,41,21.2,0,0,0
13,237,38,13.8,0,0,0
5,278,39,18.3,1,1,1
2,166,63,10.4,1,1,1
12,363,40,22.0,1,1,1
2,82,23,16.8,1,0,0
6,404,60,10.2,0,1,1
5,310,45,15.3,0,1,1
15,121,58,14.9,0,1,1
8,250,54,15.4,0,0,1
7,5,66,26.4,0,0,0
12,87,38,19.3,1,0,1
2,160,37,15.6,1,1,1
8,197,81,7.5,0,0,0
11,369,44,21.8,1,1,1
6,160,70,9.7,1,0,1
13,134,26,17.0,1,1,1
14,161,29,24.5,0,0,1
12,295,52,4.6,1,0,1
15,172,41,17.5,1,1,1
7,177,91,21.5,0,0,0
14,99,83,2.0,1,0,1
13,8,48,13.2,1,0,1
1,113,32,28.8,1,0,0
7,40,99,12.6,0,1,1
15,172,43,20.9,1,0,1
4,122,27,9.6,0,0,0
2,181,30,13.4,1,1,1
14,323,59,14.5,1,0,1
1,242,51,6.4,1,0,1
4,279,44,16.7,1,0,0
4,157,0,13.7,0,0,0
8,104,61,10.5,0,1,0
10,154,36,23.0,0,0,0
3,107,72,18.2,0,0,0
15,5,85,11.6,1,0,1
3,496,67,12.7,0,0,1
10,346,26,9.0,0,0,1
7,349,79,14.1,1,1,1
11,107,63,15.4,0,1,1
13,296,72,12.8,0,0,1
6,168,32,12.6,0,0,1
13,289,55,7.7,1,0,1
9,193,64,20.5,0,1,1
10,108,44,8.8,0,0,1
14,353,52,13.6,1,0,1
8,240,70,7.9,0,0,1
15,68,31,12.9,0,1,1
13,153,23,20.8,1,0,1
11,5,84,10.1,1,1,1
3,171,60,13.9,0,0,0
10,31,75,21.6,0,1,1
1,458,46,20.7,0,0,1
9,328,59,12.7,0,1,1
9,121,24,11.9,0,1,0
11,347,62,22.9,0,1,1
2,126,52,14.3,0,1,0
3,262,48,15.8,0,0,0
5,68,57,14.1,0,1,1
10,183,61,12.4,1,0,1
1,39,41,30.0,0,0,0
8,17,78,2.5,0,0,0
12,437,21,3.1,1,1,1
12,287,88,11.9,1,0,1
6,346,100,13.5,0,0,1
7,81,49,13.4,0,1,0
2,314,91,14.0,1,1,1
7,222,61,20.4,0,0,0
8,426,24,11.9,0,1,1
8,232,91,14.9,0,1,0
4,281,78,3.3,1,0,1
10,5,43,9.6,0,1,1
14,194,27,20.3,1,1,1
13,219,39,12.8,1,0,1
10,242,93,14.5,0,0,1
9,127,64,17.6,0,0,0
9,5,68,17.2,1,0,0
14,25,96,17.9,1,1,1
7,43,39,22.8,0,0,0
10,113,72,10.1,0,0,1
15,342,48,11.2,0,1,0
1,5,26,15.8,1,0,0
7,18,52,18.0,1,0,0
4,5,56,6.7,0,0,0
7,274,37,10.4,0,0,1
4,5,68,13.4,0,0,0
5,48,44,6.0,0,1,0
12,38,84,10.8,0,1,1
3,134,28,14.0,1,0,0
6,35,80,9.9,1,0,0
2,243,43,15.2,1,1,1
5,195,0,4.0,1,1,1
10,304,37,13.5,0,0,1
6,263,9,9.7,0,1,0
2,264,100,13.6,1,1,1
1,228,93,15.6,1,1,1
9,294,76,8.8,0,0,1
6,299,89,14.6,0,0,1
12,327,29,17.6,0,0,1
15,307,53,22.6,1,1,1
2,33,95,24.3,1,1,1
9,88,52,15.9,0,1,0
11,383,63,2.0,1,1,1
13,138,58,12.8,0,0,0
8,314,67,13.0,0,0,1
3,182,39,18.5,1,0,1
5,364,91,10.9,0,0,1
14,65,77,11.9,0,0,1
11,213,0,4.5,0,1,1
8,189,50,5.5,0,1,1
1,226,74,14.9,0,1,1
6,227,41,13.3,1,1,1
12,167,87,19.1,1,1,1
3,143,93,13.8,1,0,1
4,177,77,23.9,1,1,0
13,206,92,14.2,0,0,1
8,437,48,16.0,0,0,1
5,106,34,16.5,0,0,0
12,145,66,13.4,0,0,1
1,371,62,23.6,1,0,1
6,74,66,13.7,0,0,0
1,356,44,4.0,1,1,1
8,119,44,4.4,0,1,1
1,25,61,20.5,1,1,0
8,172,17,10.1,1,0,1
12,85,65,19.1,1,1,1
5,32,100,19.6,0,1,1
2,310,100,6.4,1,0,1
9,5,64,17.2,0,1,1
10,101,8,17.2,0,1,1
6,109,71,5.6,0,0,1
4,132,40,10.4,1,0,1
9,225,27,12.6,1,0,0
7,48,100,9.9,0,1,1
10,62,100,18.3,0,1,1
12,312,65,16.5,1,1,1
1,90,68,11.7,1,1,1
8,27,98,14.3,0,0,0
8,279,44,20.2,1,1,1
13,93,36,7.5,1,1,1
10,226,77,16.4,0,0,1
8,224,63,20.6,1,0,0
10,183,37,11.1,1,0,1
11,142,66,19.3,1,1,1
8,181,63,11.9,0,0,1
7,5,42,17.8,1,1,1
14,151,71,18.1,1,1,1
12,299,88,8.2,1,0,1
1,322,56,2.0,0,1,1
11,150,30,12.5,1,0,1
15,355,52,21.4,1,1,1
15,352,67,3.2,0,0,1
5,305,57,25.5,1,0,1
6,248,87,17.0,1,1,1
11,120,89,10.2,1,0,1
12,54,100,25.1,0,1,1
1,197,42,18.7,0,1,0
12,277,68,30.0,0,1,1
5,5,50,5.6,1,1,1
6,59,36,9.3,0,1,1
11,119,55,20.4,0,0,0
3,148,69,3.4,0,0,0
14,221,72,27.4,1,1,1
12,278,55,16.8,1,0,1
6,5,70,27.8,0,0,0
5,378,44,14.8,1,1,1
15,5,30,8.4,0,0,1
9,284,68,19.9,0,0,0
9,324,60,15.3,0,1,1
2,262,49,20.9,0,0,0
8,48,77,14.5,1,1,1
3,286,44,13.8,1,1,1
5,364,99,13.3,0,0,1
14,66,37,2.0,0,0,1
4,76,56,9.5,0,0,1
13,134,27,17.6,0,0,1
8,79,7,6.5,1,0,1
1,5,22,15.0,0,1,0
5,419,100,9.8,0,0,1
1,269,45,6.0,0,0,0
4,159,49,17.7,0,0,0
1,41,62,17.3,0,0,0
5,291,15,11.5,1,1,1
9,103,45,26.2,0,0,0
10,472,70,15.6,0,0,1
5,483,35,8.3,0,0,0
2,183,16,15.1,0,1,1
10,198,52,11.3,0,1,1
2,80,100,26.6,0,1,0
7,178,85,21.6,0,0,0
13,116,26,17.5,1,0,1
9,18,48,6.9,0,1,0
12,246,41,13.2,1,0,1
8,202,58,10.6,0,1,1
10,201,39,6.1,1,1,1
7,104,57,21.1,1,1,1
2,30,71,10.8,1,1,1
11,93,31,14.8,1,0,0
9,293,61,17.5,0,0,1
7,135,67,8.0,0,0,1
4,76,37,2.3,1,0,1
7,97,89,21.4,0,0,0
12,49,100,25.5,1,1,1
13,210,44,17.6,1,1,1
11,5,26,15.1,1,1,0
3,171,33,10.3,1,0,1
8,209,59,20.3,1,0,1
3,353,48,12.4,0,0,0
14,128,84,22.8,0,1,1
3,5,87,4.0,1,1,1
10,135,77,7.0,0,0,1
9,5,43,9.0,1,1,1
11,191,100,30.0,1,1,1
9,314,65,18.0,1,0,0
1,203,73,11.5,1,0,1
6,172,80,8.6,1,1,1
1,409,89,23.1,0,1,1
3,218,85,24.4,1,1,1
12,22,92,13.3,1,1,1
10,29,46,6.6,1,1,1
14,177,58,18.5,0,0,1
8,293,86,11.2,1,1,1
5,272,46,15.0,1,0,1
1,274,15,19.3,0,1,0
12,264,79,24.6,0,1,1
7,341,96,16.7,1,1,1
1,284,78,13.1,0,0,1
5,175,38,22.7,0,0,0
2,425,19,11.7,1,0,1
6,316,69,16.9,0,1,1
7,41,68,6.8,1,1,1
8,240,35,24.6,0,1,1
7,5,36,2.0,1,0,0
2,271,49,17.8,0,1,0
13,275,46,15.1,1,0,1
6,27,31,20.8,1,0,0
14,306,68,15.9,0,0,1
1,147,59,26.7,1,1,0
10,364,74,10.7,0,0,1
5,208,36,12.7,0,1,1
6,372,7,22.2,0,1,0
5,15,89,19.4,1,1,1
7,276,100,18.4,1,1,1
9,221,91,10.3,0,0,1
9,142,7,15.8,0,1,0
14,186,81,12.1,1,1,1
9,5,89,19.1,1,0,0
6,505,58,9.7,1,0,1
12,153,56,15.6,1,1,1
14,255,50,3.4,0,0,1
5,5,68,9.1,1,0,1
10,337,36,21.4,0,1,1
3,390,50,10.0,0,0,1
14,127,38,12.1,1,1,1
7,341,11,15.1,1,0,1
5,203,92,14.6,0,0,1
13,251,62,12.7,1,0,1
1,101,44,11.8,1,0,1
15,5,69,15.2,0,1,0
14,217,71,18.5,0,1,0
11,343,41,19.1,0,1,0
12,74,76,12.7,0,0,1
12,320,40,9.9,0,1,1
2,212,58,18.3,0,0,0
6,90,57,26.4,1,1,0
12,310,60,12.1,0,1,1
2,159,75,23.2,0,0,0
8,322,35,12.5,1,1,1
1,217,51,19.4,1,1,0
2,185,77,2.6,1,1,1
4,146,9,15.9,1,0,0
12,170,84,19.5,1,1,1
15,234,57,25.7,0,0,0
13,196,61,19.9,0,1,1
5,5,63,16.7,1,0,1
4,27,88,29.2,1,1,1
7,25,49,15.1,1,1,1
14,109,98,8.3,0,1,1
15,312,3,13.8,0,1,1
15,178,31,14.7,1,0,1
2,199,76,8.8,1,1,1
15,209,78,11.2,1,1,1
14,149,66,9.4,0,0,1
9,262,48,9.9,0,1,1
12,263,44,14.3,1,1,1
13,5,23,17.0,0,0,0
13,306,84,19.3,0,0,1
11,170,76,11.5,1,1,1
2,418,60,17.3,0,0,1
13,162,43,20.2,0,1,0
6,201,39,4.7,1,1,1
3,288,54,23.6,1,0,0
14,53,58,14.5,1,1,1
7,87,94,26.8,1,0,1
7,329,33,21.5,0,0,0
15,283,59,2.0,0,0,1
4,104,35,15.7,1,0,1
10,81,33,10.7,1,1,1
6,100,47,12.3,0,0,1
9,234,0,21.1,1,1,0
8,53,35,12.3,0,0,0
4,206,11,8.3,1,1,1
7,68,91,17.1,0,1,0
10,256,57,12.3,0,1,1
4,236,77,22.1,1,0,1
3,14,48,30.0,0,1,0
4,464,94,16.5,1,0,1
11,175,16,15.1,1,0,1
3,108,70,20.1,1,1,0
12,125,34,10.1,1,1,1
5,71,95,9.5,0,0,1
1,119,89,22.9,1,0,1
6,216,54,7.8,0,0,1
10,88,76,21.4,1,1,0
11,304,79,25.4,1,0,0
9,25,47,16.3,0,0,0
9,132,12,17.8,1,1,0
3,235,75,18.4,0,1,1
7,291,69,13.1,0,1,1
1,150,67,13.1,0,1,0
14,232,80,22.7,1,1,1
5,23,51,15.3,1,1,0
7,346,63,17.3,0,1,1
8,104,74,14.3,0,1,1
3,87,100,12.7,0,0,1
8,5,89,21.3,1,0,0
7,152,70,28.7,0,1,1
6,273,37,14.9,1,1,1
14,128,59,8.2,0,0,1
4,5,73,13.0,1,0,0
12,204,21,15.2,1,0,0
1,235,36,12.3,0,1,0
4,87,58,5.9,1,0,1
1,391,100,15.5,1,0,1
10,5,97,19.7,0,1,1
2,328,53,12.3,1,1,1
5,52,85,8.7,0,1,0
11,70,78,11.3,1,1,0
12,107,59,7.9,0,0,0
13,433,38,13.1,1,1,1
12,129,75,20.7,0,1,1
5,31,91,14.4,0,0,0
14,5,64,26.5,1,0,1
4,152,67,11.6,0,1,0
5,139,44,22.4,0,0,0
13,210,80,13.4,1,1,1
10,107,60,8.6,0,1,1
14,118,100,2.0,1,0,1
15,387,63,19.5,1,1,1
10,99,3,16.2,1,0,0
13,83,47,25.5,1,0,1
7,206,48,7.9,0,0,1
8,393,53,2.0,0,0,1
9,298,20,16.1,0,1,1
2,171,40,21.1,1,1,1
3,5,8,22.6,1,0,0
5,190,48,11.8,0,0,0
9,128,6,10.6,0,1,0
8,253,59,19.8,1,1,1
2,306,71,15.1,0,0,0
8,268,100,17.1,0,0,1
1,5,31,20.1,0,1,0
5,337,59,9.8,1,1,1
8,5,31,20.8,1,1,0
14,223,16,12.8,0,0,1
12,321,45,8.5,1,0,1
1,103,97,10.6,0,1,1
3,5,59,11.6,1,1,0
14,322,76,14.8,1,1,1
10,259,39,8.8,1,1,1
2,227,64,9.9,0,0,1
2,89,57,23.7,0,0,0
4,5,33,21.0,1,0,0
7,164,47,17.9,0,0,0
8,216,41,9.6,0,1,1
2,134,58,16.4,0,0,0
8,83,50,24.0,1,1,1
8,199,97,7.1,0,0,1
14,83,47,10.2,1,0,1
2,506,81,21.6,1,1,1
12,5,69,21.4,1,0,0
8,295,77,26.1,1,0,1
9,48,50,23.6,0,1,0
9,5,62,12.3,0,1,0
7,293,46,3.8,1,0,1
11,60,33,21.6,1,1,0
1,172,72,21.5,0,1,0
8,362,6,19.6,1,1,1
4,344,63,11.0,1,1,1
5,287,76,8.8,1,1,1
11,179,58,19.5,1,1,0
14,220,52,10.0,0,0,1
12,154,0,10.8,0,1,1
4,243,39,13.7,0,1,1
7,299,82,12.0,1,1,1
9,151,55,17.5,0,0,0
5,359,55,18.7,1,0,1
14,303,24,17.7,0,0,1
2,287,32,11.1,0,0,1
8,88,52,24.5,1,1,0
13,92,38,17.0,0,1,0
14,150,68,22.8,0,0,0
8,94,89,13.2,1,0,0
13,159,95,16.0,0,0,1
3,376,24,7.3,0,0,0
3,224,64,24.3,1,1,0
8,131,60,15.7,0,0,0
6,505,72,16.3,0,0,1
8,265,56,11.2,1,0,1
13,226,39,23.5,1,1,1
3,267,94,15.1,0,1,1
13,277,41,15.3,1,1,1
4,65,100,6.6,0,1,1
3,337,77,8.8,1,1,1
15,356,59,30.0,1,1,0
8,263,89,20.3,0,0,1
9,145,71,19.9,0,0,1
7,304,34,13.6,0,1,1
13,133,85,15.6,0,0,1
1,203,61,15.6,1,1,1
11,173,88,15.7,1,1,1
1,68,48,15.4,1,0,0
8,19,52,15.9,0,1,0
15,79,43,10.2,1,0,1
2,160,46,17.6,0,1,1
12,376,11,18.5,0,1,1
9,198,50,15.7,1,1,1
3,110,37,12.3,0,0,0
9,251,81,12.0,1,0,1
5,295,89,14.6,1,0,1
14,202,31,13.8,1,1,1
6,257,53,16.3,0,0,0
2,264,58,13.3,1,1,1
1,172,48,18.9,1,1,0
13,371,96,9.7,0,1,1
11,101,51,27.0,0,1,0
4,223,73,9.0,0,1,1
4,35,37,2.0,1,1,1
12,426,63,6.5,1,1,1
1,124,34,20.2,1,0,0
8,41,78,24.2,0,1,0
7,523,37,30.0,1,1,1
11,108,68,11.5,1,1,1
8,21,54,22.7,1,0,1
3,196,71,22.0,1,1,1
12,250,53,16.0,0,0,1
1,36,34,3.4,0,1,0
2,339,56,7.0,1,0,1
10,5,31,17.3,1,0,0
2,313,58,15.5,1,1,0
5,272,79,17.0,1,1,1
3,154,73,13.0,0,1,1
15,147,48,10.9,1,1,1
14,337,89,7.5,1,0,1
6,141,75,9.6,0,0,1
10,217,22,18.6,1,1,1
13,159,94,13.9,1,1,1
14,5,100,24.0,0,0,0
8,5,67,6.3,1,1,1
12,229,36,21.7,1,0,0
11,297,60,6.5,1,1,1
7,147,25,23.1,1,0,0
15,175,100,15.5,1,1,1
14,104,100,10.3,0,0,1
13,112,48,21.2,1,0,0
2,131,88,24.6,0,0,0
9,101,47,15.5,0,1,1
1,61,78,15.5,0,0,0
5,68,47,14.6,0,0,0
14,208,38,16.3,1,0,1
10,218,74,22.3,1,1,1
8,376,82,10.8,0,1,1
7,219,39,24.9,0,1,1
2,176,47,14.0,0,0,0
5,333,74,15.6,0,0,1
2,142,85,13.3,0,1,0
11,166,58,12.7,0,0,1
6,92,41,27.7,0,0,0
5,5,45,4.1,1,0,1
7,5,56,8.1,1,1,1
14,5,62,12.5,0,0,1
13,349,79,13.0,0,1,1
9,5,24,14.5,1,0,1
6,155,55,6.3,1,1,1
1,294,79,11.2,1,0,1
1,24,62,8.5,1,0,1
9,129,47,11.8,0,1,1
8,189,52,16.1,0,0,0
3,192,63,6.0,1,0,1
9,74,62,22.0,1,1,1
14,184,50,20.7,1,1,1
3,105,40,2.6,0,0,0
8,170,88,17.2,1,1,1
7,96,88,11.8,1,0,1
9,5,65,3.1,1,0,1
9,232,46,8.7,0,1,1
12,167,47,15.3,0,0,1
5,318,89,17.6,1,0,1
13,5,43,12.1,1,1,0
13,41,10,14.8,1,1,1
6,312,70,9.2,1,0,1
10,5,28,9.7,1,0,0
3,58,68,13.6,0,1,1
1,316,30,17.5,0,1,0
12,139,82,20.3,1,1,1
13,158,67,13.4,0,0,0
14,213,100,5.8,1,0,1
14,70,75,5.3,1,1,1
14,104,41,6.3,0,0,1
15,310,59,18.8,0,1,1
12,211,46,17.8,0,1,0
12,119,22,20.6,1,0,1
10,201,34,17.6,1,0,1
8,162,81,19.7,1,0,1
15,5,100,25.5,0,0,1
14,89,57,11.7,1,0,1
10,211,40,12.2,1,0,1
11,372,98,19.5,0,0,1
12,5,67,15.0,0,0,1
10,186,26,18.3,0,1,1
11,261,83,18.6,0,1,1
15,171,62,15.6,1,0,1
11,257,100,28.2,0,1,1
7,5,90,11.8,1,0,1
8,132,48,18.7,1,1,0
1,50,68,18.7,0,0,0
7,85,35,12.0,1,1,1
4,358,8,13.7,1,0,0
13,5,84,18.3,0,0,0
7,290,48,12.4,0,0,1
6,150,78,15.0,1,0,1
2,5,45,21.3,0,1,0
1,289,35,24.7,1,1,1
8,205,59,14.0,0,1,1
14,95,26,15.1,1,0,0
13,585,76,12.5,1,0,1
10,5,34,15.7,0,0,0
15,314,65,13.1,0,1,1
14,117,100,13.9,0,0,1
13,5,55,20.0,1,0,0
11,89,79,6.1,1,0,1
1,116,50,8.3,0,1,0
7,475,79,9.8,0,1,1
10,141,94,19.8,0,1,0
13,59,83,15.9,1,0,1
11,103,12,14.5,0,1,1
10,276,100,20.3,0,0,1
10,416,69,13.9,0,0,1
3,354,48,10.7,1,1,1
12,279,79,6.5,1,0,1
13,103,53,9.6,0,0,1
10,209,38,20.2,1,1,1
15,157,81,10.0,0,0,1
10,5,26,25.8,1,1,0
1,187,100,14.0,0,0,1
14,186,56,13.7,0,1,1
4,198,77,21.2,0,0,1
11,63,26,15.9,1,1,1
6,190,59,30.0,1,1,0
3,5,68,12.7,0,1,0
15,250,92,6.0,0,1,1
1,231,79,28.2,0,0,0
4,173,37,11.6,0,1,0
14,258,66,7.1,1,1,1
3,285,68,18.4,0,1,1
6,375,65,12.7,0,0,1
8,209,0,13.9,0,1,1
1,16,36,19.9,0,0,0
4,192,67,15.6,1,0,1
9,194,23,24.8,0,0,0
3,109,28,17.4,1,0,1
11,368,51,10.0,0,1,1
15,291,64,19.1,0,1,1
5,208,89,18.8,1,0,1
6,342,0,27.3,0,1,0
2,104,58,14.1,0,0,0
3,53,66,11.5,0,0,0
12,172,62,11.7,1,1,1
11,214,83,11.4,0,0,1
10,253,59,20.0,0,1,0
6,5,46,10.4,0,0,0
5,103,78,13.3,0,1,1
2,198,64,14.9,1,0,1
7,84,94,13.6,1,1,1
3,202,38,19.0,1,1,1
8,85,68,4.5,1,1,1
7,73,44,8.4,0,0,1
4,300,60,9.8,1,0,1
5,89,5,17.8,1,1,0
15,298,50,18.6,1,1,1
3,34,45,14.5,0,1,1
6,100,45,17.9,0,0,0
10,198,21,28.3,1,1,0
7,141,59,26.5,1,1,0
6,418,78,17.5,1,1,1
8,248,41,22.6,0,1,0
6,166,46,9.1,0,1,1
9,244,90,4.3,0,1,1
2,480,48,26.4,0,0,1
9,15,52,21.3,0,1,0
6,107,74,15.0,1,1,1
13,208,71,12.4,1,0,1
3,68,92,11.2,1,0,1
5,151,65,12.0,1,1,0
14,5,33,13.1,0,1,0
13,301,48,9.7,0,1,1
12,237,94,22.6,0,1,1
10,256,100,17.0,1,1,1
2,141,25,10.9,1,0,1
12,187,100,15.5,1,0,1
14,127,52,7.0,0,1,1
14,243,60,20.7,0,1,0
1,137,100,14.4,1,1,1
7,131,77,20.6,1,1,1
12,5,60,22.4,1,1,1
10,233,16,10.7,0,0,1
6,229,90,14.1,1,1,1
7,181,35,2.0,0,1,1
2,200,44,5.3,1,1,1
5,148,73,26.2,0,0,0
9,96,54,23.7,0,0,0
10,412,63,14.4,1,0,1
2,127,86,8.6,1,1,1
5,133,40,30.0,0,1,0
9,253,88,6.5,0,0,1
15,5,40,12.2,1,1,1
2,206,55,14.9,0,1,0
2,5,78,19.2,1,0,1
4,85,77,13.3,1,1,1
11,302,65,13.0,1,0,1
5,257,42,7.0,0,1,1
1,361,88,8.3,0,1,1
7,332,31,18.1,0,1,0
15,374,40,21.9,1,1,1
1,210,10,2.0,0,1,1
15,209,31,8.5,1,1,1
12,247,56,19.7,1,1,1
13,137,100,15.4,0,1,1
15,456,25,19.8,1,1,1
11,141,81,9.1,0,0,1
1,226,79,21.7,0,0,1
11,171,89,12.9,1,0,1
12,204,71,17.5,0,1,1
13,45,62,4.9,0,1,1
2,284,68,8.3,1,1,1
5,424,63,18.1,0,0,1
2,243,57,14.8,1,1,1
7,461,24,14.4,0,1,1
5,371,45,6.3,0,0,1
12,389,76,16.2,1,1,1
2,349,38,14.3,0,1,1
14,39,51,21.6,1,0,1
1,257,63,18.1,0,0,0
9,142,64,16.7,1,0,1
13,163,50,30.0,0,1,1
6,229,54,12.3,0,0,0
15,215,12,5.6,0,1,1
14,204,54,23.9,0,1,0
8,89,98,15.8,0,0,1
7,426,42,14.4,0,0,1
4,5,52,20.3,0,0,1
1,254,50,11.1,0,1,1
11,120,67,16.0,0,0,0
2,296,27,7.9,0,0,1
9,172,48,21.1,0,1,1
11,186,79,12.7,0,0,1
7,85,76,23.6,1,0,0
2,138,88,21.9,1,1,1
7,91,83,22.1,1,0,0
8,35,65,18.8,0,0,0
5,261,42,2.3,1,0,1
4,187,53,8.0,1,1,1
8,118,82,22.5,0,0,1
2,82,31,18.0,1,1,0
13,228,9,9.8,0,1,1
13,238,79,15.9,1,1,1
1,190,77,16.9,1,1,1
12,147,62,17.9,0,0,1
10,225,93,16.6,0,1,1
7,286,25,8.5,0,0,1
6,241,28,12.7,1,1,1
7,121,83,19.2,0,0,1
12,114,26,23.5,1,1,1
6,95,77,14.6,0,1,1
5,232,41,12.9,0,0,0
6,120,76,26.2,1,0,1
1,5,9,14.1,0,0,0
7,204,63,5.4,1,0,1
1,215,63,12.4,0,1,1
4,236,91,16.7,0,0,0
3,185,25,21.3,0,0,0
14,5,52,17.8,0,0,0
7,146,29,18.4,1,1,1
4,5,50,20.9,0,1,0
4,388,70,17.0,1,1,1
11,171,53,13.2,0,1,1
8,67,33,8.3,0,1,1
3,243,67,8.7,1,1,1
10,166,65,9.1,1,0,1
13,129,40,19.4,1,0,0
7,247,77,9.7,0,1,1
3,153,67,14.1,0,1,1
5,391,47,4.7,1,1,1
10,381,69,8.5,1,0,1
12,45,76,6.9,1,0,1
4,59,63,12.8,0,0,0
12,182,35,18.8,1,1,1
7,61,100,17.9,1,1,1
5,349,100,14.1,0,1,1
15,61,56,13.8,0,1,0
3,219,73,16.4,0,1,0
13,67,46,13.3,1,1,1
6,40,51,20.7,0,1,0
12,235,56,16.5,0,0,1
15,260,21,12.8,1,0,1
11,244,97,12.7,0,1,1
11,100,93,19.9,0,1,1
10,216,58,18.8,0,0,1
2,143,94,14.4,1,1,1
15,152,100,10.9,0,0,1
3,362,48,24.6,1,1,1
9,161,14,14.9,1,1,1
13,320,99,10.9,0,0,1
13,271,86,18.0,1,0,1
4,161,31,13.8,1,1,1
3,216,88,17.1,1,0,1
13,5,63,13.7,1,1,1
12,5,41,13.8,1,0,1
3,202,100,8.8,0,0,1
9,185,77,12.4,0,1,1
4,215,43,14.9,0,0,1
3,238,30,14.8,0,1,0
14,183,93,19.6,1,1,1
10,206,67,17.4,0,0,1
2,143,22,22.7,1,0,0
6,156,82,17.5,0,0,0
11,171,51,4.5,0,0,1
13,157,57,6.1,0,0,1
9,167,60,17.4,0,1,0
13,234,50,9.6,1,1,1
6,359,78,20.5,1,1,1
15,5,97,27.3,1,1,1
6,139,31,8.6,1,1,1
6,167,100,14.2,1,0,1
14,345,49,27.2,1,0,1
2,164,45,19.2,1,0,0
10,41,92,22.3,1,1,1
1,28,29,15.6,1,0,0
14,139,85,19.4,0,1,1
4,61,51,19.6,1,1,0
13,363,70,26.1,0,1,1
15,307,51,15.1,1,0,1
5,373,78,14.5,0,0,1
15,5,24,19.1,0,0,0
2,252,61,18.4,1,1,1
8,248,84,22.3,0,1,1
4,209,66,5.9,0,0,1
11,156,86,11.3,0,0,1
12,179,55,16.5,0,0,0
6,128,17,13.5,1,1,1
5,118,70,19.0,1,0,0
15,299,74,13.2,1,0,1
6,217,74,23.4,0,0,0
7,115,57,19.0,1,1,1
4,292,58,7.5,1,0,1
2,212,68,8.4,0,1,1
15,255,31,21.6,0,0,0
3,330,46,8.8,1,1,1
1,168,50,13.7,1,0,1
4,159,58,4.7,1,1,1
6,169,100,9.4,0,0,1
1,254,68,8.9,1,1,1
5,364,95,2.0,0,1,1
3,379,48,12.1,1,0,1
14,45,17,21.3,0,1,0
12,209,82,6.3,0,1,0
12,325,73,11.3,1,0,1
12,324,66,9.6,1,0,1
6,214,55,20.6,0,0,0
15,5,64,12.1,0,0,0
13,5,60,14.7,0,1,1
5,188,56,22.1,0,0,0
6,244,18,10.0,1,1,0
13,273,58,14.9,1,1,1
12,144,40,17.3,1,1,1
4,339,18,10.2,1,0,1
13,127,27,16.3,0,1,0
3,79,32,30.0,0,1,0
5,5,97,18.7,0,0,0
12,68,76,13.5,0,0,0
14,394,49,24.0,0,0,1
7,59,85,11.1,0,0,1
8,129,69,12.2,0,0,1
9,317,62,9.9,1,1,1
11,203,0,17.6,1,0,1
4,182,82,11.0,1,1,1
10,5,70,26.7,0,1,0
13,88,42,15.8,0,1,0
11,230,81,18.2,1,1,1
8,299,83,20.0,1,0,1
2,206,85,26.5,0,1,0
15,309,57,14.2,0,0,1
10,145,35,12.2,1,1,1
2,126,49,15.6,0,1,0
11,6,69,10.2,1,1,1
2,207,75,23.5,1,0,0
14,111,81,18.1,0,1,1
1,346,54,15.2,1,1,1
14,67,61,23.4,0,0,0
15,183,55,17.0,0,0,0
12,253,51,16.9,0,0,1
13,59,64,2.0,1,0,1
10,259,78,12.6,0,0,1
5,350,95,14.8,0,0,0
9,313,22,13.1,1,1,1
3,297,69,6.0,1,0,1
1,109,68,10.1,1,1,1
8,5,90,12.6,1,1,1
9,179,33,7.4,0,0,0
1,93,69,10.2,0,0,1
5,303,80,14.3,0,0,1
4,153,59,16.0,1,1,1
10,256,48,11.8,1,0,1
5,265,50,5.5,1,0,1
2,254,100,7.8,1,1,1
3,133,93,14.8,0,0,0
5,247,49,7.7,0,1,1
11,388,69,15.6,0,1,1
6,215,67,16.8,1,1,1
10,284,60,9.1,0,0,1
9,5,100,20.2,0,1,1
11,146,44,24.3,0,1,0
13,193,57,20.0,1,0,0
4,5,53,9.2,1,0,1
4,352,16,10.2,1,0,1
2,134,78,14.0,0,1,1
13,104,65,19.7,1,0,1
12,273,61,21.3,1,1,1
15,225,58,14.4,0,0,1
13,244,28,23.6,1,0,0
12,97,57,17.5,1,1,1
5,5,47,2.2,0,0,0
3,212,99,15.7,1,1,1
12,250,49,6.5,1,0,1
7,5,92,14.0,1,0,1
6,122,66,16.3,1,1,1
7,128,69,9.4,0,1,1
2,329,78,15.4,1,1,1
14,147,93,16.1,0,0,1
4,401,84,14.3,0,0,1
2,131,80,2.0,1,1,1
1,297,53,16.2,1,0,1
9,401,89,13.8,0,1,1
4,303,100,20.7,0,1,1
12,69,39,7.9,1,0,0
11,201,56,19.9,0,1,0
11,5,45,19.9,0,0,0
14,84,85,7.3,0,1,1
7,219,45,19.7,1,1,1
2,349,56,19.0,1,0,1
14,104,8,17.2,0,1,0
5,246,54,12.4,1,0,1
11,5,78,11.6,1,0,0
15,141,39,18.4,0,1,0
14,236,62,9.1,1,0,1
10,438,50,12.7,1,1,1
2,121,0,17.4,0,1,0
3,5,78,8.5,1,1,1
7,355,24,5.8,1,0,1
9,317,20,17.4,0,1,1
8,5,79,20.3,0,0,0
5,330,88,15.6,0,1,1
5,63,59,18.4,1,1,0
9,5,91,16.1,1,0,0
11,282,98,2.0,1,0,1
12,8,72,15.8,1,0,1
14,120,13,12.3,0,0,1
1,301,30,21.2,0,1,0
6,223,47,16.1,0,0,0
8,32,43,16.1,1,0,1
9,76,100,27.0,1,0,1
13,144,42,14.6,1,1,1
2,170,97,11.3,0,0,1
9,5,69,16.6,0,0,1
14,153,52,18.0,1,1,0
12,217,65,21.7,0,1,1
5,203,97,17.5,1,0,1
4,252,13,22.8,0,0,0
13,173,67,12.9,0,1,0
4,108,91,14.3,1,0,1
13,69,66,16.1,0,0,1
14,56,19,18.8,0,0,1
7,56,99,16.7,0,1,0
15,132,25,20.9,0,1,1
4,86,84,3.7,0,0,1
9,177,67,17.9,1,0,1
7,483,54,13.6,1,0,1
11,194,75,22.2,0,1,1
6,150,71,18.5,1,1,1
4,245,39,24.3,1,0,1
1,18,33,8.7,0,1,1
8,25,51,17.7,1,0,0
5,211,33,18.6,1,1,1
2,141,65,15.6,0,0,0
13,89,52,15.0,0,1,1
13,124,69,7.3,1,1,1
5,332,28,23.1,0,1,1
2,230,47,20.5,0,0,1
15,82,30,6.2,0,0,1
15,248,76,14.3,0,0,0
10,98,88,12.1,1,1,1
13,50,68,12.3,0,0,1
4,272,47,14.2,1,1,1
13,9,38,16.2,1,1,1
12,197,52,20.6,0,1,1
7,264,15,2.0,0,0,1
12,9,54,13.2,0,1,1
10,227,64,20.0,0,0,0
7,125,86,8.3,1,0,1
13,5,65,16.2,1,1,1
5,5,44,19.9,0,0,1
10,201,36,11.5,0,0,0
13,173,69,14.3,1,1,1
4,292,72,28.8,1,1,1
3,278,27,15.9,0,0,0
5,5,54,11.6,0,0,0
5,226,88,14.2,0,1,1
1,193,60,8.5,0,0,1
1,215,69,10.2,1,1,1
12,158,21,4.9,1,0,1
10,242,43,8.9,1,1,0
11,125,51,28.0,0,1,1
5,302,89,9.0,0,1,1
9,47,93,11.7,0,1,0
5,128,54,16.6,0,1,1
5,80,77,11.2,0,1,1
4,262,43,11.6,1,1,1
8,77,50,18.3,0,1,1
3,252,71,18.2,0,0,0
12,193,59,16.9,0,1,1
3,225,52,15.4,0,1,0
4,141,94,16.9,0,0,1
4,407,25,8.3,1,1,1
9,185,53,7.8,0,0,1
7,245,32,14.2,1,0,1
1,210,32,22.5,0,0,0
2,136,54,14.2,1,0,0
10,126,53,24.7,0,0,0
2,292,69,8.3,1,0,1
8,296,28,18.8,1,0,1
8,307,95,16.3,0,0,1
12,93,79,18.9,1,0,1
1,337,46,13.9,0,1,1
15,56,65,4.7,1,0,1
4,185,46,10.0,0,0,1
3,262,73,10.8,1,1,1
15,258,41,15.4,1,0,1
2,217,81,7.4,0,0,0
5,111,100,27.1,1,0,1
2,156,15,2.0,1,0,0
10,156,92,20.2,0,0,1
6,73,35,16.5,0,1,1
11,227,34,18.9,1,1,1
2,51,40,19.1,1,1,0
15,370,72,12.1,1,0,1
14,187,41,9.5,0,0,1
7,281,75,24.1,1,1,1
2,380,37,8.9,1,1,1
6,126,47,18.2,0,0,0
6,36,50,12.8,1,1,1
12,62,40,23.6,1,1,1
11,259,22,22.2,0,1,1
8,5,42,18.0,1,0,0
10,98,52,11.4,1,0,1
4,323,40,21.0,1,0,1
14,78,80,20.5,0,1,1
3,22,48,19.9,0,0,0
6,51,71,10.7,0,1,1
14,365,75,23.2,1,0,1
4,271,96,16.5,0,0,1
12,5,57,19.9,0,1,0
12,240,46,3.1,1,1,1
2,143,52,18.7,0,1,0
14,194,54,13.4,0,0,1
3,80,63,17.7,0,0,1
10,234,70,4.4,1,0,1
8,99,32,8.4,0,1,1
12,153,17,17.9,1,1,0
12,196,65,20.3,0,1,1
1,16,58,13.3,0,0,0
1,205,51,12.4,1,1,1
15,298,71,20.5,1,1,1
9,101,33,17.2,1,0,0
3,401,27,16.6,1,0,1
3,251,64,9.2,0,1,1
4,272,97,12.4,1,0,1
9,5,35,14.3,0,1,1
11,260,67,12.6,1,1,1
13,348,65,2.4,1,1,1
2,77,46,18.4,0,0,0
13,170,92,10.8,1,0,1
3,99,62,13.3,0,0,1
1,233,70,10.5,1,0,1
11,480,47,19.2,0,0,1
10,146,56,17.8,0,1,1
6,199,31,16.9,0,1,1
6,77,53,8.7,1,1,1
6,36,14,21.1,1,1,0
12,158,78,11.3,0,1,1
12,207,87,8.0,0,0,1
13,5,50,15.2,1,1,1
14,125,24,15.5,0,1,1
11,48,44,18.0,1,0,0
2,5,55,16.7,0,0,0
11,5,72,24.1,0,0,0
9,56,47,25.6,1,1,0
6,256,68,11.0,1,1,1
7,170,73,24.1,0,1,1
10,9,65,19.4,0,0,0
8,104,100,7.3,0,0,1
14,208,100,10.0,1,0,1
8,309,59,13.0,1,0,1
3,212,85,22.7,0,1,1
6,215,65,17.9,0,0,1
13,179,89,24.1,1,1,0
5,181,42,13.1,1,0,0
10,260,57,3.5,1,0,1
5,287,0,22.1,1,1,0
15,337,55,2.6,0,1,1
14,332,83,11.0,1,1,1
7,116,39,20.7,1,1,0
11,72,32,6.1,0,0,0
4,319,55,6.0,0,0,1
5,382,43,12.1,1,0,1
14,374,47,7.0,0,0,1
8,275,60,11.7,0,1,1
11,243,40,15.3,1,0,1
12,262,53,12.4,0,1,1
4,184,82,18.5,1,1,1
6,271,70,12.4,1,0,1
8,162,72,12.8,0,1,1
9,416,83,10.4,0,1,1
4,194,69,15.8,1,0,0
13,221,58,21.3,1,0,0
6,194,67,14.4,1,1,1
4,109,41,9.0,0,1,1
11,74,55,15.6,0,0,1
5,5,99,21.5,1,0,1
12,408,35,26.3,1,1,1
11,208,28,15.1,1,0,1
2,161,77,15.6,1,1,0
5,111,80,11.1,0,0,1
7,326,18,21.8,1,1,1
13,210,74,21.2,0,1,1
12,201,27,15.8,1,0,1
15,241,86,10.4,0,0,1
10,407,56,16.2,0,1,1
14,81,100,11.8,1,0,1
8,125,9,11.1,0,1,0
2,254,43,20.3,1,1,1
1,273,54,15.8,1,0,0
11,163,38,19.2,0,0,1
4,239,10,12.8,1,0,1
4,190,41,16.5,1,0,0
11,66,76,8.9,0,1,1
1,15,100,10.4,1,1,1
14,219,45,15.9,0,1,1
8,295,79,14.0,1,1,1
14,461,83,9.5,1,1,1
3,139,56,7.6,1,1,1
9,397,74,2.0,0,1,1
14,310,51,19.3,1,1,1
15,123,97,13.4,0,0,0
2,172,58,22.2,0,0,0
7,129,86,15.7,0,1,0
10,318,64,15.0,0,1,1
13,51,46,15.0,0,1,0
4,332,65,20.1,0,1,1
2,306,69,15.1,0,1,0
6,65,72,14.8,1,1,0
11,312,28,12.5,1,0,1
13,217,58,16.5,0,1,1
11,5,51,24.7,1,1,0
13,141,46,14.5,1,0,1
15,238,64,19.6,1,0,1
3,139,54,17.7,1,1,1
10,289,89,9.1,1,0,1
7,116,100,12.4,0,1,1
13,28,35,10.9,1,0,0
7,147,42,10.1,0,1,0
9,326,83,18.1,0,1,1
12,120,36,17.2,0,0,0
13,60,88,26.4,1,1,0
3,312,53,7.0,1,0,1
1,248,61,13.5,1,0,1
10,61,40,9.0,0,0,0
9,49,42,10.8,0,1,1
12,5,62,22.5,0,1,0
13,364,93,19.7,1,0,1
15,182,79,12.6,0,1,1
14,239,31,9.2,0,1,1
11,168,24,16.0,0,1,1
3,44,91,5.6,0,0,1
15,130,63,3.6,0,0,1
5,207,57,11.6,0,0,1
14,315,60,24.2,1,0,1
8,127,80,5.3,0,1,1
11,311,30,4.1,0,0,1
7,12,64,15.4,1,1,0
3,147,71,17.1,1,0,0
11,133,77,10.9,0,0,0
6,24,23,21.1,1,0,0
12,212,53,14.4,1,0,1
1,127,75,15.2,0,0,1
6,455,23,22.7,0,0,1
3,122,100,3.9,0,0,1
3,34,70,8.3,1,1,1
2,157,48,17.3,1,1,1
13,49,100,12.1,1,1,1
7,78,28,20.0,0,1,0
11,227,50,13.3,1,1,1
13,170,80,17.0,1,0,1
12,239,82,16.7,1,1,1
7,322,43,9.9,1,1,1
10,201,13,17.8,1,1,1
6,316,43,13.8,1,0,1
15,345,42,16.1,0,1,1
5,224,53,22.7,1,1,1
3,129,71,17.7,1,1,1
6,323,52,22.8,0,0,1
6,291,100,22.3,1,0,1
2,140,21,16.9,0,1,0
12,84,30,12.2,1,0,1
13,212,44,21.4,1,0,1
7,85,65,26.8,1,0,0
2,136,21,13.7,1,0,0
11,133,18,9.9,1,1,1
6,352,37,19.0,0,0,1
8,348,66,20.7,1,0,0
7,261,59,20.1,0,0,1
10,187,44,19.7,1,1,1
1,75,36,6.1,1,0,0
14,312,64,11.8,0,1,1
14,80,62,13.9,1,0,1
15,5,38,5.2,0,1,1
2,325,47,11.9,1,0,1
7,308,57,19.1,1,1,1
6,345,100,18.1,1,0,1
6,113,75,12.5,1,0,1
12,250,42,15.2,1,1,1
15,158,46,22.0,0,1,0
2,8,11,13.5,0,0,0
1,185,78,24.0,0,0,0
14,156,10,15.2,1,0,1
4,256,42,12.4,1,0,0
14,5,32,5.6,0,1,0
1,117,46,9.1,0,0,0
2,360,34,12.5,1,1,1
13,296,63,10.0,1,1,1
15,381,58,13.9,0,1,1
6,5,55,17.0,0,1,0
11,5,31,11.5,0,0,0
11,162,56,17.4,1,1,1
12,292,70,13.1,1,0,1
13,366,83,2.0,1,0,1
14,275,100,22.4,0,0,1
2,285,93,27.0,1,0,1
11,5,52,17.3,0,1,0
4,30,19,10.6,1,0,1
14,369,82,21.3,1,1,1
11,5,48,13.4,0,0,0
4,186,71,20.1,1,1,0
14,5,47,15.3,0,1,1
5,111,72,16.7,1,0,1
14,291,43,11.5,0,0,1
2,103,72,10.7,0,0,1
8,167,65,12.2,0,1,1
11,191,65,15.0,1,1,1
15,61,58,5.6,0,1,1
3,46,53,12.8,1,1,1
1,113,45,23.6,1,1,0
1,112,53,24.9,1,1,1
4,97,42,11.7,1,0,0
9,26,31,10.0,1,1,1
1,134,54,22.6,0,0,0
1,146,44,9.8,0,1,1
9,155,50,10.1,0,1,1
10,218,27,21.0,1,1,1
4,162,26,14.9,1,1,1
13,173,96,16.1,0,1,1
12,94,74,22.8,1,0,1
9,262,75,23.5,1,1,0
12,260,84,7.0,0,0,1
2,77,41,12.1,0,0,0
8,283,87,10.0,0,0,1
7,337,76,15.5,1,0,1
5,176,73,13.0,0,0,1
14,5,42,10.9,0,1,0
10,68,46,5.9,0,1,1
8,170,17,10.0,0,0,0
10,114,42,14.6,1,0,1
3,7,73,10.2,0,0,1
13,175,46,8.9,1,1,1
6,375,25,25.2,1,1,1
8,184,32,10.4,0,1,1
6,54,54,12.6,1,0,1
9,40,62,16.5,0,0,0
14,262,50,2.0,0,0,1
1,45,33,19.1,0,1,0
12,290,90,11.1,0,0,1
7,89,100,10.8,0,1,1
11,281,67,11.0,1,0,1
11,5,65,17.1,1,1,1
7,5,28,10.5,1,1,1
10,214,55,18.8,1,0,1
8,253,71,17.3,1,1,1
1,399,72,9.2,1,0,1
3,270,45,21.5,1,0,1
5,5,67,12.6,0,1,1
1,293,64,25.0,0,1,0
2,254,80,14.4,0,1,1
7,108,49,7.1,1,0,1
3,219,89,19.7,1,1,1
9,38,70,21.7,0,0,0
3,310,54,12.2,0,1,1
2,173,58,16.2,1,0,1
15,163,40,20.6,1,0,0
11,159,41,7.0,1,1,1
15,246,19,19.6,0,1,0
10,194,99,16.3,1,0,1
11,223,66,11.4,1,0,1
4,5,84,9.7,1,0,1
4,166,70,16.0,1,1,1
10,119,31,13.7,1,0,1
15,179,81,23.7,1,0,1
8,157,100,23.7,1,1,1
7,226,60,20.0,1,1,0
8,79,43,11.6,0,0,0
7,38,44,4.3,0,0,1
5,332,51,13.2,0,1,1
9,356,70,10.8,1,0,1
7,46,61,11.1,0,1,1
8,113,33,7.9,1,0,1
5,286,100,18.2,0,1,1
14,338,59,16.3,1,1,1
14,5,100,17.9,0,0,0
11,172,64,11.4,0,0,1
9,23,64,18.4,1,0,1
11,224,35,9.2,0,1,1
12,261,13,18.1,0,1,0
4,156,26,9.9,0,0,1
10,183,50,14.3,0,0,1
2,232,58,21.6,1,0,0
8,229,61,18.9,1,0,0
5,307,82,8.9,1,1,1
14,95,84,5.5,0,1,1
11,223,89,16.1,1,0,1
11,64,30,11.8,0,0,1
12,40,96,7.0,0,0,1
12,322,82,10.8,0,1,1
5,26,82,14.6,0,1,1
5,33,0,8.8,1,1,0
2,131,55,18.9,1,1,1
3,339,35,3.3,0,1,1
10,452,64,7.4,1,0,1
1,167,57,20.4,1,0,0
6,37,51,19.0,0,1,0
8,211,83,12.8,1,0,0
6,5,48,19.6,0,1,0
9,124,33,21.0,1,0,1
3,279,16,14.0,1,1,1
14,146,44,12.9,0,1,1
11,5,100,17.9,1,1,1
14,288,23,11.0,1,1,1
10,343,58,17.7,0,1,1
6,238,100,21.0,1,1,1
1,261,74,18.0,0,0,1
2,312,56,18.9,1,1,1
4,69,53,14.5,0,0,0
3,283,0,30.0,1,1,0
1,148,60,16.8,1,0,1
12,203,56,14.4,0,1,1
10,22,60,16.0,0,0,0
12,154,88,12.9,1,1,1
11,335,58,16.3,0,0,1
8,328,53,22.7,1,0,1
3,76,76,13.2,1,0,1
1,5,60,12.2,0,0,1
3,113,45,14.7,0,1,0
10,217,94,16.7,0,1,1
12,311,90,26.2,1,0,1
10,93,79,19.2,1,1,1
15,406,60,17.6,0,0,1
11,436,51,13.2,1,0,1
3,102,41,11.9,1,0,1
4,85,100,19.4,0,1,1
14,321,100,4.4,1,1,1
6,83,48,13.2,0,0,0
2,206,60,10.7,0,1,1
1,60,46,13.5,0,1,0
5,121,31,14.2,0,0,0
5,78,27,14.1,0,1,0
1,288,70,14.6,0,0,1
12,225,77,15.9,1,0,1
2,235,82,15.8,0,1,0
7,84,48,17.1,0,1,0
5,240,87,6.5,0,0,1
9,207,41,30.0,0,1,0
5,170,47,12.1,0,0,0
1,193,48,13.4,0,1,1
12,346,66,7.0,0,1,1
13,366,94,19.4,1,0,1
7,186,75,10.9,0,0,1
15,339,45,9.8,1,1,1
7,152,76,12.3,0,0,1
10,25,91,10.4,0,0,1
13,208,53,8.3,0,0,0
4,178,84,18.5,0,0,1
8,237,59,6.4,0,1,1
6,155,55,20.1,0,1,1
7,252,52,6.7,1,0,1
2,243,0,10.0,1,0,0
12,194,39,14.8,1,0,1
5,160,42,11.2,1,1,0
4,225,74,10.4,1,1,1
9,142,98,11.1,0,0,1
7,228,66,15.2,1,1,1
15,175,47,13.2,0,0,1
9,202,75,13.6,0,0,1
14,41,50,2.0,0,0,0
12,170,74,13.4,1,1,1
1,5,58,4.9,1,0,1
10,157,91,17.2,1,1,1
2,177,42,11.7,0,1,0
7,13,74,12.7,1,0,0
7,295,18,11.5,1,0,1
7,5,34,29.6,0,1,0
11,410,80,10.5,1,0,1
6,250,70,11.5,0,1,0
15,574,56,13.0,1,0,1
6,150,63,22.7,1,1,0
15,40,55,12.2,0,0,1
12,320,62,7.3,1,1,1
12,181,68,12.8,1,0,0
8,108,59,2.0,0,0,0
5,104,90,10.1,1,0,0
13,207,92,22.6,1,1,1
1,122,43,13.6,1,1,1
5,246,70,18.6,0,0,1
11,403,63,21.6,1,1,1
8,322,86,21.1,1,0,1
8,99,25,14.8,0,1,1
14,142,79,20.1,0,1,1
2,337,0,7.7,1,1,0
8,81,68,16.7,0,1,0
5,251,36,7.7,1,1,1
11,104,20,20.8,0,0,0
11,366,64,18.8,0,0,1
1,103,87,16.7,0,1,1
1,202,92,16.3,0,0,0
5,354,36,22.5,1,0,0
14,321,88,17.6,1,0,1
6,230,9,15.7,0,0,0
2,200,31,7.9,0,0,1
10,308,59,16.1,1,1,1
7,248,43,21.0,1,0,1
10,129,60,11.5,1,1,0
15,115,71,22.3,1,1,0
5,164,71,12.4,0,0,1
5,246,87,11.4,0,0,1
4,143,35,18.4,1,1,0
7,459,92,15.1,0,0,1
11,5,100,11.5,0,0,0
4,5,72,8.4,1,0,0
9,114,33,10.2,0,1,1
9,26,41,19.0,1,1,1
14,237,37,12.8,1,0,1
13,138,82,16.3,1,0,1
12,142,93,14.0,0,0,1
15,441,14,10.6,1,1,1
9,480,100,24.0,0,1,1
10,471,69,20.9,0,1,1
4,174,53,13.7,0,0,0
7,224,59,24.1,0,1,0
6,241,77,21.9,1,0,1
7,204,84,23.9,0,1,0
13,212,100,2.3,0,0,1
1,355,87,18.1,0,0,1
13,74,45,24.3,1,0,1
1,192,41,20.1,1,0,0
2,168,17,5.3,0,1,0
6,20,100,2.6,0,1,1
4,182,50,8.4,1,0,1
14,61,52,26.7,1,0,0
1,321,72,21.7,0,1,0
15,143,92,11.6,1,1,1
7,358,48,12.0,1,1,1
12,104,29,17.6,0,0,0
1,252,75,5.0,1,1,1
8,241,78,10.4,0,1,1
2,315,57,27.0,0,1,0
1,316,67,18.5,1,1,1
6,224,41,9.9,0,0,1
12,154,34,12.8,0,1,1
10,352,42,18.2,1,0,1
3,119,73,8.8,0,1,1
8,292,55,10.4,0,0,1
15,139,100,7.6,1,0,1
11,177,57,14.3,1,0,1
9,284,75,17.5,0,0,0
1,215,18,18.9,0,0,0
14,68,53,11.4,0,1,1
10,191,100,17.5,1,1,1
14,188,80,4.6,1,1,1
12,171,78,13.9,0,1,0
8,180,32,3.4,1,0,1
5,249,71,22.8,0,1,0
12,8,58,12.9,0,0,0
9,170,44,4.0,1,1,1
12,43,65,11.1,0,1,1
1,372,76,5.7,1,0,1
13,369,60,22.9,1,0,1
11,5,40,25.4,0,0,0
10,179,60,11.9,1,0,1
5,188,45,6.5,1,0,1
3,308,81,10.1,1,1,1
11,145,99,18.9,0,0,1
2,286,70,15.7,1,0,1
1,114,24,19.3,1,1,0
11,45,80,25.1,0,1,0
11,81,63,11.7,0,1,0
15,231,19,6.3,1,1,1
11,177,68,26.3,1,1,1
5,251,35,19.6,0,0,1
15,188,57,21.2,1,1,0
6,5,54,17.8,0,1,1
8,327,70,11.6,1,0,1
7,151,85,12.6,0,1,1
14,230,34,18.7,1,1,1
1,159,31,14.6,1,1,0
15,220,71,25.1,1,0,1
6,229,38,12.9,1,1,1
13,156,52,16.8,1,1,1
15,190,51,13.0,0,1,1
4,184,79,14.3,1,0,1
7,158,42,12.8,0,0,1
13,70,53,12.7,0,1,1
9,140,66,4.7,0,0,1
2,255,28,2.0,1,1,1
9,150,100,18.3,0,0,0
6,97,58,16.5,0,0,0
7,163,42,8.4,0,1,1
15,272,81,18.4,1,1,1
9,265,67,15.8,0,0,1
1,120,61,29.6,0,1,0
1,106,39,12.0,0,1,1
4,132,82,12.7,0,0,1
2,275,45,11.2,1,1,1
12,298,79,19.7,1,0,1
9,422,61,18.5,1,0,1
14,81,29,22.6,0,0,0
13,131,0,10.0,1,0,0
14,346,69,10.0,1,1,1
12,182,60,7.8,0,1,1
4,80,61,15.5,0,1,0
10,226,0,16.6,1,1,1
2,64,39,11.0,0,1,0
8,204,24,17.1,1,0,1
8,20,52,2.0,1,1,1
12,257,78,15.5,0,1,1
1,485,100,11.9,1,0,1
8,131,36,17.7,0,1,0
13,171,80,14.4,0,0,1
4,320,13,13.0,1,0,1
7,181,64,18.7,1,0,1
8,135,49,11.3,1,1,1
6,102,81,15.1,0,0,1
10,254,41,18.8,1,0,1
4,108,73,18.3,1,1,1
11,295,72,8.2,0,1,1
8,11,83,17.6,0,0,0
2,165,58,22.8,1,0,0
3,148,1,25.4,0,0,0
14,219,57,14.4,0,0,1
8,380,66,18.9,0,1,1
14,302,48,21.5,1,1,1
2,309,43,14.0,1,1,1
15,15,99,14.9,1,1,1
6,110,26,11.4,0,0,0
11,260,64,17.1,0,1,1
5,239,97,19.2,1,1,1
6,215,22,8.7,0,0,1
14,178,70,25.1,1,0,1
3,331,62,10.2,0,1,1
1,83,98,19.7,1,0,1
2,328,9,18.5,1,1,1
10,179,52,19.0,1,0,1
11,341,44,19.3,0,1,1
15,5,37,14.1,0,1,1
15,235,30,14.2,1,1,1
13,193,51,18.0,1,1,1
11,125,72,13.0,0,0,1
2,200,72,10.4,0,1,1
10,293,58,16.7,0,0,0
10,287,44,14.2,1,1,1
14,320,46,26.8,1,1,1
1,54,69,12.7,0,0,1
13,174,61,9.5,0,0,1
14,41,32,17.2,0,1,1
1,137,77,21.4,0,1,1
8,142,32,2.0,1,1,1
2,321,31,19.2,0,1,0
7,192,77,11.0,1,1,1
9,130,77,16.4,1,0,0
14,367,76,10.9,0,0,1
14,170,62,30.0,1,0,0
9,5,46,3.4,1,1,1
5,5,38,5.9,0,1,0
3,180,67,14.4,0,1,0
13,241,100,17.5,1,1,1
9,8,37,17.7,0,1,0
15,211,79,19.2,0,0,1
9,100,64,9.9,0,0,1
6,219,100,7.1,0,1,1
9,357,78,20.0,0,1,1
5,335,32,6.7,1,1,1
12,5,90,22.3,1,1,1
10,135,58,15.3,0,1,0
11,246,55,20.7,1,1,1
12,107,93,6.9,0,0,1
10,296,41,16.9,0,0,0
3,76,58,14.1,0,1,0
2,456,40,21.0,0,1,1
1,49,62,18.9,1,0,0
5,367,100,16.5,0,0,1
11,234,53,20.6,1,0,0
10,464,81,4.9,1,0,1
7,277,89,7.4,1,0,1
14,5,57,21.7,0,1,1
8,5,63,11.4,0,1,1
12,73,40,2.9,1,0,1
14,160,30,16.2,0,1,1
6,154,66,16.6,0,1,0
14,426,48,18.9,0,1,1
15,163,75,16.5,0,0,0
3,140,44,12.2,1,0,0
13,315,100,20.9,0,0,1
8,138,44,10.3,0,0,1
11,207,58,22.8,0,0,1
7,79,42,19.1,1,0,1
10,246,100,24.8,1,1,1
4,79,27,12.7,1,0,1
5,399,70,22.0,1,1,1
8,254,80,3.1,1,1,1
11,293,66,7.8,1,0,1
14,136,58,9.7,1,0,1
4,240,76,2.0,1,1,1
11,143,74,17.9,1,0,1
9,133,51,10.6,1,0,1
4,69,81,16.2,1,0,1
1,101,26,11.1,0,0,0
8,5,55,20.5,1,1,1
11,120,61,11.7,0,1,1
11,364,84,18.1,1,0,1
8,269,17,13.5,1,1,1
2,268,76,16.8,0,1,1
8,244,36,9.9,0,0,1
10,200,14,17.7,1,1,1
8,170,100,10.9,0,1,1
10,132,58,13.0,1,1,1
5,114,57,22.4,0,0,0
15,340,40,10.8,0,1,1
5,394,55,7.0,1,0,1
3,270,77,13.8,1,0,1
10,5,62,20.2,0,0,0
13,79,13,24.5,0,0,0
13,208,75,24.1,0,1,1
3,115,64,22.7,1,0,0
4,65,21,7.7,0,1,1
3,141,44,10.7,0,0,0
12,151,53,23.1,0,0,0
14,5,68,10.3,1,0,1
6,217,54,16.4,0,1,1
7,215,43,11.2,0,1,0
14,77,100,10.2,1,0,1
2,218,57,13.8,1,0,1
15,245,46,12.5,0,1,1
15,284,52,4.2,1,1,1
9,5,100,9.2,0,1,1
12,210,52,13.3,0,0,0
3,363,79,23.9,0,1,1
9,218,63,17.1,0,1,1
11,153,49,18.2,0,0,0
1,151,56,9.5,0,1,1
6,52,56,16.8,1,0,1
5,178,83,19.2,1,1,1
8,49,24,15.6,0,1,0
7,290,78,13.9,0,0,1
9,241,34,10.4,0,1,0
6,163,89,15.0,0,1,1
1,5,73,10.3,0,1,1
9,137,80,14.1,1,1,1
11,238,100,20.3,1,1,1
5,180,46,9.3,1,1,1
2,87,76,8.6,1,1,1
12,270,60,15.0,1,1,1
3,212,87,10.8,1,1,1
2,264,68,8.3,0,0,1
15,76,41,13.1,1,0,1
10,101,41,13.6,1,1,1
5,142,88,18.0,0,0,0
8,242,75,12.4,1,0,1
11,180,59,8.3,1,1,1
11,169,54,12.5,1,0,1
3,47,49,18.2,1,1,0
8,5,48,8.6,1,1,1
10,218,18,19.6,0,1,0
9,367,58,7.5,1,0,1
9,221,50,14.4,0,0,1
11,96,61,23.5,1,1,0
6,5,72,8.0,1,0,1
15,81,100,23.8,1,0,1
6,182,78,19.7,0,0,0
12,330,56,12.8,0,1,1
12,283,69,16.7,0,1,1
12,5,67,16.3,1,1,1
3,5,98,15.5,1,0,0
7,381,74,17.4,0,0,1
5,121,59,10.7,0,0,1
8,5,70,14.3,0,1,1
12,206,24,26.6,0,1,0
1,162,35,15.1,1,0,1
5,304,81,18.3,0,1,1
13,5,54,13.6,1,0,1
8,217,100,22.2,1,0,1
1,5,94,23.2,1,0,1
5,361,69,16.0,1,1,1
6,341,76,17.8,1,1,1
1,131,58,9.6,1,1,1
14,136,44,15.8,1,0,1
12,240,19,14.3,1,0,1
3,142,55,5.5,1,1,1
11,257,72,21.2,0,1,1
6,237,63,19.1,0,0,0
9,72,99,2.0,1,1,1
6,320,57,12.6,1,1,1
10,137,60,10.9,0,1,1
7,350,56,6.7,0,1,1
8,157,72,9.0,0,1,0
3,241,83,11.3,1,0,1
4,574,79,13.4,0,0,1
3,165,81,16.0,0,1,1
6,166,23,26.6,0,1,0
5,16,54,9.2,1,1,1
11,262,84,19.9,1,1,1
7,185,70,4.5,1,1,1
15,5,100,12.6,1,0,1
3,87,44,28.6,1,1,1
14,5,97,22.2,1,1,1
11,216,59,26.8,0,1,0
7,197,49,6.4,1,1,1
1,38,65,4.6,0,0,0
9,230,39,18.5,0,1,0
6,319,94,11.5,0,0,1
8,202,75,15.1,0,1,1
10,150,62,22.8,1,0,0
3,264,78,14.1,1,1,1
4,49,91,2.0,0,1,1
15,316,25,17.4,0,1,1
2,135,83,16.2,0,0,0
8,62,84,17.7,0,1,0
13,381,51,30.0,0,1,1
2,64,44,2.0,1,0,1
12,371,34,13.6,0,0,1
11,64,16,13.7,1,1,0
2,133,65,23.6,1,1,0
9,200,78,18.3,0,0,1
14,191,73,8.2,0,1,1
14,351,41,16.2,0,1,1
15,114,72,16.0,1,1,1
2,235,32,20.6,0,1,0
10,160,94,18.0,0,0,1
11,58,45,17.4,1,0,0
13,78,30,16.7,1,0,1
6,438,60,25.9,0,1,0
8,5,31,22.1,0,1,0
12,86,48,8.0,1,1,1
12,266,65,15.1,1,1,1
13,376,47,18.2,0,0,1
1,157,67,17.0,0,1,0
12,239,31,16.2,1,1,0
3,207,61,7.4,1,1,1
11,5,80,20.0,1,0,1
12,216,6,8.8,0,0,1
14,196,54,17.2,1,1,1
1,194,44,20.9,0,1,1
1,20,40,12.9,1,1,0
12,174,55,7.5,1,1,1
3,101,57,23.9,1,0,0
9,5,15,14.6,1,1,0
15,257,61,16.0,1,0,1
8,388,100,13.3,0,1,1
1,191,53,10.0,0,1,1
4,43,70,11.9,0,0,0
13,233,59,23.1,0,0,1
8,5,4,10.7,0,0,0
6,293,59,21.8,0,1,0
6,295,78,2.9,0,1,1
9,191,69,9.8,0,0,1
9,37,80,19.9,0,0,0
12,418,65,18.9,0,0,1
12,434,29,21.1,1,0,1
10,105,79,21.2,1,1,1
4,310,86,9.4,0,0,1
1,5,44,17.9,0,0,0
13,211,66,13.9,1,1,1
15,152,65,21.9,0,1,1
2,274,31,18.1,0,1,1
2,26,58,9.6,1,0,1
10,277,12,10.0,0,1,1
1,124,71,13.5,1,0,0
8,336,2,22.4,0,1,0
5,170,46,24.3,1,1,0
3,181,73,5.3,1,1,1
11,162,37,10.1,1,1,1
4,257,51,21.5,1,1,0
9,29,100,11.1,1,1,1
13,5,86,13.0,0,1,1
15,160,85,13.9,1,1,1
2,196,86,19.8,1,1,1
14,109,68,18.1,1,1,1
9,199,90,27.4,0,0,0
13,403,44,19.2,0,0,1
5,72,47,25.4,1,1,1
5,19,98,22.2,0,0,0
4,174,49,16.7,1,0,0
10,208,100,9.6,0,1,1
8,135,32,14.1,1,1,1
5,242,100,17.8,1,1,1
5,187,100,29.4,1,1,1
6,60,46,16.7,1,1,1
7,263,71,15.0,1,0,1
7,228,100,21.1,0,1,1
13,303,50,12.0,0,1,1
1,164,49,22.2,0,0,0
5,83,100,12.3,1,1,1
7,234,31,22.4,1,1,1
12,367,43,15.6,0,0,1
8,211,23,15.7,1,0,1
3,223,6,3.9,1,1,1
10,114,35,22.6,1,0,0
7,284,55,30.0,1,0,1
10,389,58,5.1,1,0,1
11,217,33,9.5,1,1,1
8,221,0,21.3,1,0,0
15,20,83,14.9,0,1,0
12,232,59,14.1,1,0,1
10,130,38,18.7,1,0,0
8,184,87,14.3,0,1,1
13,108,70,17.1,1,1,1
3,110,48,19.8,0,1,0
6,71,92,4.8,1,0,1
8,28,100,5.7,0,1,1
4,170,50,16.1,1,1,1
15,71,39,18.9,0,0,0
7,109,100,9.2,1,1,1
13,109,72,18.9,0,0,0
9,155,100,11.5,1,0,1
1,209,31,13.3,1,1,1
6,128,100,10.0,0,0,1
9,282,59,9.8,0,0,1
14,117,15,9.0,0,1,0
4,341,75,19.7,0,1,1
8,200,96,11.3,1,0,1
2,269,26,30.0,0,1,0
13,197,91,20.5,1,0,1
5,195,22,11.7,0,1,1
4,233,90,14.3,1,1,1
14,306,95,20.4,0,1,1
11,305,100,15.7,0,1,1
12,109,75,5.4,0,0,1
4,225,98,22.9,1,0,1
9,5,83,19.2,0,0,0
2,5,40,8.0,1,1,0
11,179,40,30.0,0,0,0
7,335,20,11.8,1,0,0
4,71,49,13.7,1,0,1
15,402,69,17.9,1,0,1
7,253,57,13.1,0,1,1
14,318,88,13.6,0,1,1
8,156,60,12.2,1,0,1
7,340,62,15.8,0,0,0
9,142,53,10.0,0,0,0
2,128,61,15.7,1,1,0
6,132,61,22.1,1,0,1
2,100,69,25.2,1,1,1
2,245,78,23.6,1,0,1
13,248,86,8.5,1,1,1
2,198,61,11.7,1,1,1
14,5,46,12.1,0,1,0
11,359,26,11.5,1,0,0
2,257,32,19.1,1,1,1
5,459,70,14.2,1,0,1
4,90,39,23.2,0,0,0
3,247,97,2.0,0,1,1
1,186,70,10.0,0,1,1
7,238,100,21.0,0,1,1
15,156,44,10.3,0,0,1
15,5,41,11.6,0,0,1
4,195,69,14.9,1,1,1
15,5,45,9.2,1,1,1
1,289,83,19.5,1,0,0
1,117,41,6.0,0,1,1
7,159,28,10.0,0,0,1
6,185,86,12.9,0,0,1
2,157,56,13.7,0,1,1
7,206,61,14.9,1,0,1
13,128,47,23.3,0,1,0
15,279,90,18.2,1,0,1
9,5,65,13.9,1,0,1
12,291,44,17.2,0,0,1
3,234,34,17.2,0,0,0
12,213,41,11.5,0,1,1
10,53,35,14.7,0,0,0
3,73,62,6.0,1,1,1
8,426,71,10.5,1,0,1
6,248,84,14.2,0,0,1
13,5,33,16.0,1,0,0
3,70,66,11.3,0,0,0
14,302,82,9.0,0,0,1
1,130,59,11.1,1,1,1
4,221,70,7.4,1,1,1
8,5,80,20.6,1,1,1
5,332,58,15.4,1,1,0
3,562,93,19.2,1,1,1
8,197,39,19.9,1,0,0
6,45,62,9.9,1,0,1
7,76,60,19.5,0,0,1
8,133,65,19.2,0,0,0
5,211,92,18.4,0,1,1
7,256,71,19.5,0,0,0
15,5,85,6.0,0,0,1
4,137,35,17.1,0,0,0
6,433,44,23.6,0,0,0
6,100,79,18.4,0,0,0
2,211,45,10.0,0,0,0
13,153,57,16.7,0,1,0
5,8,92,15.7,0,1,1
15,231,65,19.6,1,1,1
3,266,93,20.3,1,0,1
12,45,100,13.6,1,0,1
10,5,68,15.9,0,0,0
3,234,47,30.0,0,1,0
13,127,38,22.7,0,1,0
11,93,77,6.7,1,1,1
4,393,74,18.8,1,0,1
5,385,90,17.6,0,1,1
12,73,79,9.0,0,0,1
11,5,70,11.1,1,1,1
2,226,88,8.5,1,0,1
10,432,79,19.7,1,0,1
5,117,79,6.0,0,1,1
15,5,42,18.9,1,1,0
1,186,64,3.7,1,1,1
8,98,43,18.6,1,0,0
12,107,7,13.2,1,1,1
2,189,36,15.6,0,1,1
14,380,72,4.0,1,1,1
11,186,36,2.0,0,1,1
12,266,73,11.4,1,1,1
6,95,65,9.5,1,1,1
2,5,90,15.2,0,0,0
8,200,78,23.2,0,1,1
7,73,61,25.9,1,0,0
14,289,79,19.2,1,1,1
14,125,26,15.4,1,0,0
10,53,41,29.9,0,0,0
13,223,29,3.9,0,1,1
12,352,68,18.6,1,1,1
1,109,94,11.2,1,1,1
10,233,15,10.5,0,1,0
11,319,59,2.0,1,0,1
3,115,22,25.1,0,1,0
15,144,50,5.9,1,0,1
14,334,48,15.1,1,1,1
6,21,75,17.3,1,0,1
13,341,54,17.8,0,1,1
11,426,88,16.0,1,0,1
13,353,74,24.4,1,1,1
13,235,47,25.5,0,1,0
6,183,98,25.7,1,0,1
5,476,59,13.7,0,0,1
6,137,62,23.5,1,0,0
4,5,69,10.8,1,1,1
13,263,96,20.4,1,1,1
3,99,80,26.8,1,0,1
10,395,46,9.9,1,1,1
9,265,82,9.2,0,1,1
2,97,22,9.4,0,0,0
10,242,88,6.2,1,1,1
6,38,75,11.3,1,1,1
7,275,45,13.1,0,1,0
2,293,80,15.0,1,0,1
1,325,43,12.3,0,0,1
5,95,78,18.4,0,1,1
12,213,69,16.6,0,0,0
8,361,27,21.1,0,0,1
4,263,87,14.4,0,1,0
7,171,35,10.6,0,1,1
9,122,45,2.0,1,1,1
12,446,75,13.8,1,1,1
6,129,62,14.8,0,1,0
2,381,22,19.3,0,1,0
12,408,68,12.8,0,0,1
15,184,31,10.4,1,1,1
14,69,62,16.8,0,1,0
11,163,74,14.0,0,1,1
14,130,46,11.2,0,1,1
8,456,41,13.1,1,0,1
3,97,87,2.0,0,1,1
1,278,52,10.1,1,1,1
3,288,65,10.2,0,1,1
12,131,78,23.9,1,1,0
12,193,16,29.7,0,1,0
13,269,59,10.2,0,1,1
8,370,83,26.7,1,1,1
10,214,53,13.3,1,0,1
11,190,40,17.7,1,0,0
1,214,100,14.8,1,0,1
2,426,92,21.9,0,1,1
12,207,27,18.0,0,0,0
13,182,85,7.8,0,0,1
15,288,58,14.1,1,0,1
2,362,62,15.9,1,1,1
7,393,50,14.8,1,0,1
3,197,88,9.5,0,1,1
12,358,43,14.1,1,1,1
3,61,49,15.7,1,1,1
6,333,98,9.9,0,1,1
2,260,97,19.3,1,0,1
1,259,76,9.4,0,1,1
1,355,54,15.8,0,0,1
5,5,60,16.8,0,1,0
3,41,37,19.6,0,1,1
4,345,26,20.1,1,0,0
15,110,48,19.2,0,1,1
15,168,57,17.8,1,0,1
14,321,27,15.1,1,0,1
15,173,54,14.7,0,1,0
2,5,7,14.2,1,0,0
3,98,93,9.8,0,1,1
3,374,11,15.6,1,1,0
9,5,23,19.6,1,1,0
11,288,68,14.9,0,1,1
3,437,45,3.0,0,1,1
7,338,58,16.1,0,1,1
15,89,52,16.2,1,0,0
2,55,40,22.2,1,1,0
11,253,37,2.0,0,1,1
8,76,68,30.0,0,1,0
7,508,74,11.2,1,1,1
8,393,100,11.5,0,1,1
9,8,80,24.3,1,1,1
13,99,69,17.5,1,0,1
1,201,55,21.0,0,0,0
10,62,34,13.5,0,1,0
9,197,43,16.6,0,0,0
7,285,68,13.1,0,1,0
1,337,45,17.4,1,0,1
11,231,43,15.7,0,0,1
3,67,26,7.3,0,1,1
4,251,24,13.2,1,0,1
10,229,50,16.1,0,0,0
4,153,54,28.4,0,1,1
4,477,47,14.5,1,0,0
14,82,100,11.9,0,1,1
7,30,33,13.0,0,0,0
4,290,71,12.5,1,1,1
12,141,37,9.7,1,0,1
11,5,100,12.9,1,1,1
7,268,97,21.7,1,1,1
15,310,17,11.9,0,1,1
1,326,50,20.1,1,0,1
8,76,45,22.8,0,0,0
2,194,40,13.1,0,0,0
8,86,35,16.7,0,0,0
3,82,36,14.5,1,1,1
5,360,41,27.9,1,1,1
2,310,41,9.8,1,0,0
9,173,74,19.0,1,0,1
1,61,37,14.3,1,1,1
4,65,66,28.6,0,1,0
13,127,73,11.6,0,0,1
6,93,100,17.1,1,0,1
13,109,47,23.2,0,0,0
12,99,45,14.9,1,0,1
3,5,50,14.4,1,1,0
6,262,82,14.5,1,0,1
1,5,49,21.0,1,1,0
5,91,100,25.9,0,0,1
4,316,4,10.3,1,1,1
8,151,47,2.0,0,0,1
5,245,100,10.3,0,0,1
6,5,52,20.4,0,0,0
7,437,53,15.9,0,0,1
6,214,10,19.2,1,0,1
2,343,34,16.0,0,0,1
10,233,38,2.0,0,1,1
2,161,45,19.6,0,0,0
2,21,11,8.2,0,1,0
11,266,64,13.9,1,1,1
7,320,47,18.5,1,0,1
10,412,78,22.5,1,1,1
11,306,52,15.7,1,1,1
3,54,65,17.6,1,1,1
5,125,100,7.2,0,1,0
15,325,100,5.5,0,1,1
7,359,13,5.4,1,0,1
7,203,99,13.9,0,1,1
11,217,71,17.6,1,0,0
7,5,37,23.5,1,1,0
8,141,87,8.2,1,1,1
6,196,48,15.6,1,0,1
4,12,64,7.0,0,0,0
10,344,52,8.0,0,1,1
9,80,74,14.1,1,1,1
4,319,56,19.3,1,0,1
9,184,50,19.6,1,1,1
13,275,83,20.5,1,0,1
6,43,100,25.8,0,1,0
7,135,75,18.3,0,1,1
4,29,67,18.3,1,0,1
12,221,53,21.0,0,1,1
13,124,55,4.5,0,0,1
8,262,68,24.1,0,0,0
8,238,79,29.1,1,0,0
13,54,81,26.2,0,0,1
15,280,90,21.1,0,1,1
6,96,57,17.8,1,0,0
4,220,50,18.3,1,0,1
15,225,39,13.9,1,1,1
12,14,7,24.0,0,1,0
13,252,33,19.4,0,0,1
2,5,95,16.0,1,0,0
11,134,9,18.6,1,1,0
15,156,91,6.7,0,0,1
3,77,53,15.4,1,0,0
3,138,38,25.1,1,1,1
3,197,41,23.9,0,1,0
10,139,42,8.0,0,1,0
8,76,60,15.2,1,1,0
15,135,54,19.9,1,0,1
10,278,74,18.4,1,1,1
2,45,48,25.6,0,1,0
13,5,54,15.8,0,1,0
13,340,42,17.0,1,0,1
10,25,33,9.4,1,0,1
5,162,46,9.4,0,1,0
15,355,89,18.0,0,1,1
3,34,53,10.9,0,0,0
5,306,42,22.2,1,1,1
5,246,75,11.3,1,0,1
1,185,67,11.1,0,0,0
1,237,65,10.3,1,1,1
8,27,89,11.3,1,1,1
11,354,31,10.6,1,1,1
13,374,100,19.5,1,1,1
3,110,100,16.6,1,1,1
8,167,53,25.0,1,1,1
8,354,66,9.9,0,1,1
15,192,44,8.4,0,0,1
13,114,63,16.8,0,0,1
6,354,32,16.6,0,0,1
4,173,27,20.2,0,0,1
1,98,77,17.2,1,0,1
11,77,88,16.9,1,1,1
2,76,47,12.3,0,0,0
4,5,88,20.8,0,0,0
2,196,37,13.4,0,1,0
4,128,100,12.4,0,0,0
7,88,86,5.1,1,0,1
4,353,66,16.2,1,0,1
12,209,42,13.3,0,1,1
1,330,74,21.7,0,0,0
5,130,36,14.7,0,0,0
12,199,88,14.0,0,0,1
6,168,80,11.0,0,0,1
14,236,84,17.7,1,1,1
5,43,72,15.8,0,1,1
6,398,36,25.7,0,0,0
11,5,55,20.8,1,1,0
2,5,55,9.9,0,0,0
15,272,33,10.8,0,1,1
13,76,32,7.9,1,0,0
11,217,42,15.0,0,1,1
15,63,11,17.7,1,0,0
12,94,76,20.0,1,1,1
13,101,100,18.5,1,1,1
13,320,60,19.8,1,1,1
12,244,51,16.0,0,0,1
1,181,30,10.3,1,1,1
8,66,47,14.0,1,1,1
15,293,48,23.0,1,1,1
12,240,63,16.9,1,1,1
14,326,93,15.2,0,1,1
14,341,44,13.1,0,1,1
7,287,82,13.6,0,0,1
3,209,37,6.1,0,0,1
8,219,94,15.2,0,1,1
1,321,21,18.1,1,1,1
14,247,47,10.1,1,0,1
10,377,81,12.0,1,1,1
14,5,92,9.3,0,1,0
1,338,19,24.0,1,0,1
6,42,53,10.7,1,1,1
9,102,12,13.7,1,0,0
1,204,30,12.1,1,0,1
5,154,66,19.1,1,0,0
9,172,0,16.5,1,1,0
13,61,67,22.0,0,1,0
8,66,64,7.0,0,0,1
7,326,61,3.7,0,0,0
12,199,81,5.3,0,1,1
15,339,100,17.0,1,1,1
10,5,100,11.5,1,0,0
6,149,97,28.2,0,0,0
4,299,61,8.8,1,1,1
6,105,98,22.8,0,1,0
10,399,100,13.9,1,0,1
8,5,100,12.4,1,0,1
13,91,98,10.8,0,1,1
6,154,46,18.6,0,1,1
11,255,52,11.0,0,1,1
10,425,65,3.1,1,0,1
6,191,100,21.2,1,1,1
9,470,59,22.5,0,0,0
10,5,24,2.0,0,1,1
12,205,36,17.7,0,1,1
7,254,90,13.3,1,0,1
4,279,80,15.6,0,1,1
11,127,37,17.5,1,0,1
13,239,39,12.6,0,1,1
9,131,40,22.0,0,1,0
2,96,74,20.6,1,1,1
12,90,74,12.2,1,1,1
3,324,46,16.7,1,0,1
14,51,84,18.4,1,1,1
6,213,40,21.6,1,0,0
11,137,69,15.3,1,1,1
10,5,100,18.2,0,1,1
13,284,59,7.3,0,0,1
12,370,94,11.3,0,1,1
2,154,52,13.5,0,0,1
3,285,84,17.7,0,0,0
6,139,100,17.2,1,0,1
13,223,70,2.0,0,1,1
1,175,92,15.3,1,1,1
9,231,39,7.7,0,0,1
2,245,91,17.9,1,0,1
11,236,62,19.2,0,0,0
12,193,33,22.0,0,1,1
4,183,22,21.1,0,0,0
3,246,39,10.4,1,1,1
11,96,70,2.0,1,0,1
5,395,70,16.0,1,0,1
12,5,39,12.6,1,0,1
10,285,38,21.0,0,0,1
8,325,34,14.3,0,1,1
10,306,46,14.7,1,0,1
3,245,82,16.3,0,1,1
6,138,60,16.5,1,0,0
13,182,22,19.0,1,1,1
15,300,60,4.6,1,1,1
5,156,78,2.6,1,0,1
11,241,43,15.4,1,0,1
1,92,49,10.7,1,0,0
14,91,37,25.6,0,0,0
12,5,40,16.5,1,0,0
14,5,88,20.0,1,1,1
11,342,71,17.7,0,1,1
1,312,38,18.8,1,0,1
3,240,71,6.7,1,0,1
12,211,49,16.9,1,1,1
7,176,65,23.3,0,1,1
10,204,36,19.0,1,0,1
2,334,61,4.1,0,0,1
14,268,45,17.6,0,1,0
5,159,57,9.8,1,1,1
3,109,50,13.1,0,0,0
11,290,56,21.1,0,1,1
6,282,73,17.0,0,1,1
1,190,84,18.7,1,0,0
5,287,62,14.4,0,1,1
15,199,84,20.3,0,0,0
12,251,91,14.1,0,1,1
2,336,46,10.9,0,0,1
15,248,19,10.5,1,1,1
10,266,43,14.2,1,0,1
3,114,66,12.0,0,0,1
7,5,88,18.1,0,0,0
14,334,39,12.8,1,1,1
1,556,56,21.2,0,0,0
15,299,100,14.6,1,1,1
4,163,4,14.8,1,0,0
14,175,52,18.2,0,0,0
13,5,62,29.6,0,0,0
14,169,100,21.6,1,1,1
12,204,59,10.5,0,1,1
10,146,62,10.5,1,1,1
9,175,100,15.5,0,1,1
6,270,56,26.2,0,1,0
6,264,41,18.0,1,0,1
6,173,47,11.2,1,1,1
3,255,56,16.7,1,1,1
7,191,54,15.1,0,1,1
6,217,76,17.6,1,1,1
9,335,52,21.3,0,0,1
15,64,69,8.4,0,1,1
14,36,52,6.4,0,0,0
13,5,60,21.9,0,1,1
7,282,52,23.1,0,0,0
10,205,66,13.2,0,1,0
11,328,92,9.7,0,0,1
13,162,59,15.4,1,1,1
12,90,38,22.4,1,1,0
14,28,47,13.0,1,0,1
12,290,88,19.9,1,0,1
11,97,55,9.1,1,0,1
15,262,63,22.9,0,0,0
9,240,28,15.6,0,1,1
2,154,73,9.2,1,0,0
5,246,100,9.0,0,0,1
4,185,26,8.2,0,0,1
2,131,27,4.8,0,0,0
11,203,59,12.0,0,0,1
2,304,69,14.3,1,1,1
1,64,54,13.8,1,1,1
4,129,8,26.5,1,1,0
15,370,60,18.4,1,0,1
1,204,76,19.0,1,1,1
5,135,47,5.4,1,1,1
13,309,100,16.8,0,1,1
10,5,86,4.2,1,1,0
7,153,58,15.2,0,1,0
2,5,60,2.0,1,1,1
2,113,6,10.1,0,0,0
12,322,64,17.1,1,0,1
8,168,78,19.1,0,1,1
13,356,24,20.5,1,0,1
2,252,100,13.7,0,0,1
11,253,51,25.9,0,1,1
3,141,46,9.4,1,1,1
7,137,47,11.1,0,1,1
12,56,63,18.6,1,0,0
5,172,53,17.7,0,0,1
6,148,20,12.2,1,0,0
14,99,60,17.2,0,0,1
4,115,79,16.8,0,1,1
13,249,34,4.7,0,1,1
3,116,35,7.4,0,1,0
10,360,49,18.5,1,0,1
13,25,78,8.4,0,0,1
3,139,82,8.7,0,1,1
13,79,47,2.0,1,0,1
15,246,40,8.3,1,0,1
1,266,12,14.2,1,1,1
7,43,62,28.2,0,0,0
15,195,72,12.6,1,1,1
15,132,11,12.7,0,0,1
3,146,53,22.2,0,0,0
8,211,59,8.6,1,1,1
13,193,79,14.3,0,1,1
1,235,57,25.1,0,0,1
3,295,78,7.3,1,0,1
9,225,75,18.0,0,0,1
5,504,58,20.6,0,1,1
3,274,83,17.2,1,0,1
13,73,47,16.3,0,0,0
8,201,92,11.0,1,0,1
7,216,58,18.3,0,0,0
14,139,58,15.2,0,0,1
2,155,49,20.1,0,0,0
7,450,64,11.7,1,0,1
7,229,84,18.6,0,1,1
6,244,32,17.2,1,0,1
12,159,41,17.1,1,1,1
14,237,67,11.4,0,0,1
13,290,86,8.1,1,0,1
9,92,86,22.3,1,1,0
7,216,100,17.5,0,1,1
2,299,37,13.9,0,0,1
7,192,82,17.5,1,1,1
15,22,5,16.1,1,1,0
10,213,36,19.0,1,1,1
8,29,23,15.0,1,1,1
14,383,74,10.6,0,1,1
12,125,40,2.1,1,1,1
10,104,62,2.0,0,1,1
15,5,87,18.1,1,1,1
4,247,35,15.4,1,1,1
10,5,48,14.9,0,1,0
4,354,31,11.3,1,1,1
10,361,53,12.4,1,0,1
15,256,68,30.0,0,1,1
11,124,45,12.6,1,1,1
8,184,79,11.3,0,0,1
15,361,24,2.6,1,0,1
13,5,69,12.8,1,0,0
13,318,42,19.7,1,1,1
8,125,78,13.5,1,1,1
3,5,18,12.7,1,0,0
7,117,54,19.3,1,0,1
13,81,51,10.4,1,1,1
9,5,61,11.6,1,1,1
1,6,46,25.9,1,1,0
8,151,29,6.9,1,1,1
3,200,63,4.8,0,0,1
13,318,88,19.0,0,0,1
5,217,76,4.2,0,1,1
2,286,81,5.7,1,0,1
11,191,79,11.2,0,0,1
10,281,51,15.1,1,1,1
4,378,56,9.5,0,1,1
6,195,78,7.0,0,0,1
10,217,71,14.4,1,0,1
14,162,85,15.0,1,0,1
1,127,64,10.2,0,0,1
10,79,51,13.1,1,1,1
4,266,52,23.4,1,0,1
10,200,40,17.5,0,0,0
5,161,89,11.1,0,0,1
5,87,62,7.8,1,1,1
4,170,100,15.6,0,0,1
8,206,50,24.2,1,0,0
7,102,71,13.2,1,0,1
5,292,87,26.0,0,1,1
15,150,80,20.1,1,1,1
9,174,55,10.7,1,1,1
6,5,79,18.5,0,0,0
12,196,98,20.2,1,0,1
4,109,38,18.3,0,1,0
5,310,93,9.7,0,1,1
7,181,82,24.7,1,0,0
10,141,53,6.6,0,0,1
13,231,53,5.7,0,1,1
6,211,62,8.4,1,0,1
12,160,12,8.6,1,1,1
5,413,69,21.6,1,0,1
15,169,87,25.0,1,1,1
4,52,58,16.7,0,0,0
6,226,80,21.0,0,0,1
15,140,25,17.1,0,0,1
9,122,77,19.2,0,1,1
15,180,36,2.0,1,1,1
3,133,87,14.4,1,1,1
3,73,76,23.2,0,1,1
9,252,23,12.9,0,0,0
10,314,21,14.7,0,0,1
8,88,2,15.6,1,0,0
13,85,51,14.2,0,0,1
2,73,54,4.5,1,0,1
13,5,52,20.5,1,1,0
3,265,88,2.0,0,0,1
6,5,57,15.0,0,1,0
1,410,67,9.9,0,1,1
1,5,29,2.0,1,0,1
4,219,76,16.8,1,1,1
8,189,66,15.6,0,0,0
3,174,66,15.7,0,0,0
3,18,87,13.2,0,1,1
13,48,23,9.9,1,1,1
12,100,92,16.1,1,1,1
9,228,0,21.3,1,1,0
9,207,40,27.9,1,0,1
8,90,56,16.5,0,0,1
10,183,34,10.7,1,1,1
15,328,70,10.4,1,1,1
6,133,82,30.0,0,1,0
13,276,41,14.3,0,0,1
11,156,100,13.2,0,1,1
13,5,70,21.9,0,1,0
3,5,59,15.1,0,0,0
5,421,50,9.9,1,1,1
8,203,71,11.7,1,0,1
7,235,61,9.6,0,0,0
15,5,65,15.2,0,1,1
6,240,69,14.3,1,1,1
14,11,45,15.3,1,0,0
6,283,43,16.3,1,0,0
14,269,82,19.2,1,0,1
4,323,98,12.1,1,0,1
2,73,11,10.6,0,1,1
9,137,36,10.6,0,1,1
7,87,73,19.1,1,1,1
6,315,66,11.3,1,1,1
9,219,47,19.7,0,1,0
7,150,73,13.3,0,0,0
3,163,39,22.0,1,1,0
8,218,70,9.3,1,0,1
15,70,94,8.2,0,0,1
5,33,26,24.5,1,0,1
5,196,43,20.4,0,0,0
10,275,38,11.1,0,1,1
15,283,74,8.7,0,1,1
5,198,38,23.2,0,0,0
3,86,47,2.0,0,1,0
13,255,60,24.4,0,0,1
3,231,67,15.4,1,0,1
8,12,62,18.7,1,1,0
5,72,83,23.9,1,1,1
11,298,46,21.5,1,0,1
1,241,69,14.3,1,1,1
9,170,84,12.4,1,1,1
7,268,52,23.3,0,1,0
5,361,70,14.9,0,0,1
14,169,54,7.5,0,0,1
3,83,74,22.8,0,1,0
7,385,56,9.1,1,1,1
4,126,57,12.6,0,1,0
11,266,52,6.4,0,1,1
1,35,31,22.2,1,1,0
3,5,75,13.2,1,1,0
6,142,65,10.5,1,0,1
8,5,71,18.9,1,1,0
7,57,85,9.1,1,0,1
10,286,60,4.2,0,1,1
6,116,49,16.5,1,0,1
2,415,18,20.0,0,0,0
8,163,79,20.6,0,0,0
1,389,21,8.2,1,0,1
5,410,52,14.8,1,1,1
2,143,30,12.5,0,0,0
6,188,100,19.4,0,0,0
2,186,38,11.0,0,0,1
4,302,81,11.3,0,1,1
8,311,100,26.0,0,1,1
10,46,34,9.3,0,1,1
8,111,100,26.4,1,0,0
12,414,97,12.3,0,1,1
12,153,43,16.2,1,0,1
6,187,73,7.7,0,1,1
6,127,64,20.7,1,1,0
14,146,57,11.9,1,1,1
4,93,46,10.7,1,1,1
8,120,71,26.9,0,0,1
1,313,100,21.2,0,0,1
8,257,27,10.3,0,0,0
5,448,39,10.0,1,1,1
12,247,63,21.5,1,1,1
15,14,39,23.2,1,0,0
11,322,56,9.2,0,1,1
4,63,45,16.2,1,0,1
14,5,59,11.5,1,1,1
8,195,46,23.3,1,1,1
14,321,47,9.2,1,1,1
6,161,44,7.9,1,1,1
13,131,77,19.0,0,0,0
3,28,70,10.6,1,1,1
15,128,86,12.8,1,0,1
3,245,50,22.0,0,1,0
15,68,100,16.6,0,0,1
13,77,89,18.1,0,1,1
13,119,80,20.5,1,1,1
8,9,74,5.6,0,0,1
11,126,90,12.6,1,1,1
10,118,84,27.4,0,1,0
12,215,100,15.4,0,1,1
10,274,61,4.8,1,1,1
6,5,49,22.2,0,1,0
13,96,81,9.9,0,1,1
7,212,55,7.5,1,0,1
14,235,51,13.3,0,1,1
15,322,52,18.9,0,0,1
10,285,60,9.5,1,1,1
9,221,100,12.1,0,0,1
14,140,62,24.1,1,0,1
7,31,45,22.5,0,0,0
5,42,39,19.2,1,0,0
12,182,100,19.9,1,0,1
10,82,35,17.0,0,1,0
14,380,96,18.8,0,1,1
6,99,91,11.6,0,0,1
7,236,61,10.8,0,1,1
8,202,85,9.7,0,0,1
12,185,76,9.5,1,0,1
11,260,22,22.7,1,1,1
7,5,47,17.3,0,0,0
13,182,78,13.8,1,1,0
12,144,95,25.1,0,0,0
14,310,66,20.5,0,0,0
2,5,74,9.4,1,0,1
8,21,75,15.8,1,0,1
14,260,49,14.6,1,0,1
10,154,35,17.3,1,0,1
2,82,92,15.7,1,0,1
4,5,14,15.9,1,0,0
10,99,100,19.4,0,0,1
6,183,100,7.5,0,0,1
15,141,77,22.6,1,0,1
7,314,100,15.4,1,0,1
13,109,60,13.9,1,0,1
10,324,57,24.2,1,0,0
12,281,47,11.3,0,1,1
8,293,29,19.1,1,1,1
4,278,60,23.0,0,0,1
1,352,96,15.9,1,0,0
15,53,7,8.5,1,1,1
14,112,55,18.0,0,1,0
2,45,58,9.6,0,0,0
9,341,53,25.6,0,0,1
9,110,32,14.7,1,0,1
1,121,82,22.3,1,0,0
14,98,77,15.9,1,1,1
2,137,58,5.6,0,1,1
3,122,0,14.9,1,1,0
5,382,45,8.4,1,1,1
9,100,40,18.1,1,0,0
12,5,100,18.5,1,1,1
5,179,72,20.8,1,0,0
14,223,47,13.9,0,0,1
2,179,78,17.9,1,1,1
2,17,50,26.0,0,0,0
2,155,46,11.7,0,0,1
14,348,71,10.2,0,1,1
11,189,45,23.5,1,0,0
13,379,38,23.6,0,1,0
7,334,100,8.2,0,1,1
1,10,33,10.2,0,0,1
10,183,55,15.9,0,0,0
1,260,87,25.9,1,1,1
2,117,75,8.1,1,0,1
9,299,56,7.8,0,0,1
3,185,88,21.8,0,0,0
12,421,57,14.2,0,0,1
14,126,81,24.4,0,1,1
9,235,86,15.1,1,0,1
4,209,79,9.3,0,1,1
11,41,0,21.2,1,0,0
5,371,81,12.9,1,0,1
10,247,84,16.9,1,1,1
10,144,35,14.6,0,1,1
10,35,26,17.7,1,0,0
7,160,51,24.1,0,1,0
10,31,46,20.1,0,0,0
4,175,31,10.9,0,0,1
4,213,100,10.9,0,0,1
3,166,85,6.3,0,1,1
10,159,41,5.4,0,0,1
14,159,64,9.6,0,1,1
4,121,57,11.0,1,0,1
11,507,25,16.1,0,1,1
7,5,62,16.0,1,1,1
4,227,56,9.3,0,0,1
4,291,28,15.2,0,1,1
5,138,79,20.0,1,0,1
7,146,97,20.6,1,0,1
15,5,68,19.2,0,1,0
4,210,49,13.7,1,0,0
3,162,94,12.3,1,1,1
13,83,78,15.0,0,1,1
9,180,76,2.0,0,1,1
11,230,8,11.8,0,1,1
14,80,42,16.6,1,1,0
5,64,45,10.6,0,1,0
15,197,83,21.1,0,0,0
11,29,60,20.0,1,1,1
9,214,88,10.6,0,0,1
6,376,55,7.4,1,0,1
11,67,68,9.6,1,1,1
10,91,6,16.8,0,0,0
5,242,43,10.3,0,0,1
9,362,60,17.5,0,0,0
6,5,84,20.5,1,1,1
4,158,74,20.4,0,0,0
12,298,61,7.2,1,1,1
5,210,77,23.1,0,1,0
10,432,16,17.5,1,0,1
10,5,54,6.3,0,0,1
14,184,87,6.0,1,1,1
4,191,85,12.4,1,1,1
9,33,27,17.9,0,0,1
15,112,75,5.9,0,0,1
1,260,23,13.8,0,1,1
12,5,93,17.1,0,0,0
9,130,16,18.2,1,0,1
4,183,87,19.6,0,1,1
5,198,42,13.9,0,1,1
5,301,23,15.1,1,0,1
15,151,83,18.0,0,0,1
5,82,39,15.1,0,0,0
5,147,66,25.7,0,0,0
8,255,89,9.2,0,1,1
2,471,58,21.7,0,0,0
5,5,67,15.9,0,1,0
15,89,32,12.1,1,1,1
3,322,100,23.4,0,0,0
10,59,49,16.3,0,1,1
14,249,78,18.2,0,0,1
12,71,83,10.8,0,0,0
4,243,90,17.9,0,1,1
11,217,63,8.2,1,0,1
1,170,61,15.1,0,0,1
13,154,74,14.1,1,1,1
2,189,100,17.1,0,1,1
3,72,23,9.1,1,0,0
11,227,46,16.1,1,0,1
3,169,100,7.9,0,0,1
2,115,83,2.0,1,0,1
3,167,98,16.4,1,1,1
3,36,100,11.3,0,1,1
10,357,85,22.6,1,1,1
10,5,63,17.0,0,0,1
5,357,16,20.2,1,1,0
14,282,48,10.1,0,0,1
4,6,61,10.4,0,1,1
11,256,100,17.2,0,0,1
9,348,44,6.1,0,0,1
1,9,100,23.7,0,0,0
2,187,73,12.2,1,0,1
6,34,0,10.3,0,0,0
8,357,100,6.6,0,0,1
4,294,20,12.7,0,0,0
2,269,29,14.4,1,0,0
6,236,54,11.8,1,0,1
14,424,49,8.8,1,0,1
1,162,24,28.4,0,0,0
12,134,63,25.4,0,0,0
13,213,100,15.8,0,0,1
8,105,65,23.0,0,1,0
9,279,24,6.3,1,0,1
12,352,61,16.7,0,0,0
6,313,44,19.1,1,0,0
9,417,39,9.7,1,1,1
2,189,68,16.4,0,1,1
9,373,82,23.2,0,0,1
13,229,64,21.8,1,0,1
8,203,22,25.7,0,1,0
1,106,70,5.9,0,0,1
15,5,54,16.5,0,1,1
6,192,75,14.8,0,1,1
5,190,55,4.9,0,1,1
2,209,53,14.1,0,1,1
5,76,47,13.2,0,1,1
1,227,55,8.8,1,1,1
13,491,31,11.9,1,0,1
1,223,73,12.3,1,0,1
4,187,52,16.5,1,1,1
13,177,59,21.4,0,0,1
1,370,16,20.4,1,0,0
14,73,66,21.3,1,1,0
2,233,81,8.6,0,1,1
5,216,40,9.7,0,1,1
15,276,76,9.8,0,0,1
13,79,19,12.8,0,0,1
4,258,59,12.5,0,0,1
7,193,33,12.9,1,0,1
11,17,39,17.5,1,1,1
1,142,37,24.5,0,1,0
3,210,47,15.2,1,1,1
5,15,59,22.1,1,0,0
1,164,61,28.3,1,1,0
11,105,44,20.7,1,0,0
13,310,68,18.1,1,1,1
1,104,96,13.5,0,1,0
12,170,64,8.8,1,1,1
3,105,81,9.7,1,0,0
15,5,23,23.2,0,0,0
5,240,73,15.3,1,1,1
9,305,63,23.4,0,0,0
6,105,47,10.6,0,0,0
5,131,40,16.9,1,0,0
14,215,100,20.5,0,1,1
11,10,47,19.3,0,1,0
15,436,60,15.3,0,0,0
14,239,31,28.0,1,0,0
5,298,25,16.2,1,0,1
4,251,34,11.1,0,0,1
12,107,98,3.5,1,1,1
13,24,35,2.9,0,0,1
4,361,66,7.8,0,0,1
4,327,62,27.2,1,0,1
11,261,39,18.8,1,0,1
7,242,42,15.8,0,0,0
15,5,84,6.0,1,1,1
2,219,68,13.3,1,1,1
12,236,78,25.4,0,0,0
4,187,37,17.6,0,0,0
6,156,73,13.2,1,0,1
14,289,82,15.7,0,0,1
6,106,74,29.7,1,1,1
5,234,46,9.2,0,1,0
15,5,93,2.0,0,1,1
13,38,37,23.3,1,0,0
2,64,45,10.4,1,0,0
14,200,100,3.5,1,0,1
4,142,83,17.1,0,1,1
6,221,36,22.3,0,0,0
7,289,91,17.5,0,0,1
3,225,54,15.0,0,0,1
8,117,100,16.8,1,1,1
2,226,100,8.2,0,1,1
12,14,54,16.5,1,0,0
7,115,63,12.0,0,1,1
13,313,76,20.3,1,0,1
7,213,56,10.4,1,1,1
12,117,78,17.1,0,0,1
3,40,95,12.4,1,0,0
4,127,100,12.7,0,0,1
7,156,56,10.3,0,0,1
11,309,67,8.3,1,0,1
12,113,61,23.0,0,0,0
13,169,100,20.3,0,1,1
6,414,72,3.1,0,1,1
3,5,71,4.7,1,0,1
14,136,40,12.9,1,1,1
11,94,73,9.2,0,0,0
14,218,35,7.1,1,1,1
1,314,58,12.3,0,0,1
9,186,66,2.0,0,1,1
6,78,63,16.1,1,0,1
11,210,27,23.7,0,1,1
4,29,68,11.4,1,0,1
11,306,100,19.5,1,1,1
1,139,64,23.2,0,1,0
10,73,19,18.1,0,1,0
3,102,85,12.5,0,1,0
10,178,51,16.4,0,1,1
12,42,72,16.0,1,1,1
11,284,61,17.9,1,1,1
9,119,67,13.5,1,0,1
6,141,71,15.5,1,0,1
10,177,19,15.2,0,1,1
9,209,45,7.8,1,0,1
15,147,64,13.3,0,0,1
13,126,35,17.8,0,1,0
13,199,70,11.5,1,1,1
1,471,46,18.7,1,0,0
8,274,52,14.6,0,1,1
8,285,74,11.9,1,0,1
3,21,84,15.7,0,1,0
12,81,23,20.8,0,0,0
11,288,50,13.6,1,0,1
9,267,79,13.2,0,0,1
5,313,57,11.9,0,1,1
15,101,75,14.6,0,0,0
10,315,0,3.1,1,1,1
13,243,44,15.9,0,1,0
6,264,66,14.7,0,1,1
2,239,59,3.8,1,1,1
11,324,27,12.9,0,0,1
8,309,6,12.0,1,0,0
11,145,48,15.5,0,0,0
6,89,75,17.7,1,0,1
4,158,45,14.3,1,1,1
4,5,69,16.9,1,1,1
1,162,0,12.4,0,0,0
4,181,52,15.1,0,0,0
9,259,54,17.5,1,1,1
7,300,100,11.1,0,0,1
13,85,68,19.4,1,0,1
11,190,82,10.7,0,1,1
14,13,100,21.0,0,0,0
7,131,47,14.2,0,1,1
11,330,100,16.2,0,1,1
7,114,55,8.8,0,0,0
8,431,67,10.0,1,0,1
6,38,32,10.2,0,1,1
15,149,0,22.3,1,1,0
5,5,52,18.1,1,0,1
8,395,38,15.3,0,1,1
7,5,82,17.8,0,0,0
9,231,42,9.0,0,1,1
14,319,100,19.8,1,1,1
3,212,60,8.8,0,1,1
15,19,56,24.8,1,0,0
4,69,58,10.0,0,1,1
15,304,76,29.9,0,1,1
15,204,76,13.8,0,0,1
7,336,85,13.6,0,1,1
2,328,81,6.2,1,0,1
15,159,87,21.2,0,0,1
3,45,40,21.7,0,1,0
13,5,73,11.7,1,0,1
11,215,64,12.8,1,0,1
9,223,49,10.2,1,1,1
4,62,85,4.1,1,0,1
9,253,68,10.7,1,1,1
1,73,59,18.9,0,1,1
14,98,89,15.5,1,1,1
14,363,87,21.7,0,1,1
1,275,65,7.7,0,1,1
5,210,74,14.2,0,1,1
2,258,27,23.8,0,1,0
8,209,73,18.5,0,0,1
14,278,67,11.2,0,0,1
15,139,27,25.3,0,0,0
5,234,54,13.8,1,0,1
6,390,45,8.3,1,1,1
7,5,34,13.5,0,0,0
14,313,81,11.6,0,1,1
6,353,57,12.3,0,1,1
1,266,66,23.2,1,1,1
15,119,62,21.2,0,1,0
1,145,94,11.9,1,1,1
7,349,58,11.6,0,0,1
1,499,100,15.8,1,0,1
14,194,66,7.5,0,0,1
6,338,15,20.0,1,0,1
7,112,100,10.9,1,0,1
9,143,52,11.3,1,0,1
7,281,58,6.8,0,0,1
13,230,54,26.2,0,0,0
3,5,41,19.3,1,1,0
13,62,83,17.8,0,1,1
10,273,49,12.7,1,0,1
3,18,6,12.4,0,1,0
10,210,81,2.9,0,1,1
10,258,26,20.2,1,1,1
5,548,5,23.2,1,0,1
5,5,46,16.7,1,1,1
9,386,95,9.2,1,0,1
8,226,43,13.7,0,1,0
4,184,41,8.8,1,1,1
4,255,55,23.2,0,0,0
8,143,76,14.2,1,1,1
10,5,60,4.0,0,1,1
9,19,33,11.7,1,1,1
14,259,65,3.6,1,1,1
3,218,51,14.6,0,1,1
4,271,20,13.5,1,0,1
9,349,81,18.2,1,0,1
3,410,56,9.2,0,1,1
5,551,20,12.2,0,1,1
7,194,29,14.3,1,1,0
10,254,90,12.7,0,0,1
3,160,64,14.8,1,0,1
6,327,39,13.1,1,1,1
15,9,10,16.4,1,1,0
4,93,45,10.4,0,1,0
10,263,30,13.4,1,0,1
11,5,81,11.9,0,1,1
14,5,41,19.5,0,0,0
15,5,54,17.5,0,1,0
5,281,38,15.9,0,1,1
13,326,43,12.9,1,1,1
6,56,61,4.1,1,0,0
3,225,35,11.7,1,0,0
4,110,80,16.3,1,1,1
14,328,67,24.2,0,1,1
1,117,92,16.6,1,1,0
14,213,87,17.7,1,0,1
13,310,73,8.8,1,1,1
4,188,77,18.8,0,0,1
10,194,78,9.8,0,0,1
2,5,96,14.7,1,1,1
4,223,68,18.3,1,0,1
1,140,85,8.5,0,1,1
5,280,84,17.8,0,1,1
2,287,43,25.5,1,1,1
4,5,30,15.3,0,1,0
4,416,34,15.2,1,1,1
9,120,100,8.2,0,0,1
8,227,59,18.1,1,0,1
10,378,100,15.3,1,0,1
11,132,70,23.6,0,1,0
13,14,19,27.4,0,0,0
3,157,32,20.7,1,1,0
2,121,67,8.6,1,0,1
14,348,70,15.8,0,1,1
6,133,100,10.1,0,0,1
9,193,85,21.6,1,1,1
3,214,68,2.0,1,1,1
6,107,45,7.8,1,1,1
5,180,54,7.5,1,0,1
12,5,55,15.4,1,1,0
15,5,65,8.8,1,1,1
7,266,100,15.3,1,1,1
14,202,83,18.7,1,0,1
5,94,66,24.3,0,0,0
7,5,59,23.9,1,0,1
14,264,50,8.9,0,0,1
13,267,38,13.8,1,1,1
10,245,37,11.3,0,0,0
3,304,51,17.8,0,1,1
2,206,57,16.2,0,0,1
8,329,67,11.7,0,0,1
7,327,26,24.2,0,0,0
5,213,85,11.6,1,1,1
12,134,23,9.0,1,0,1
14,66,100,22.1,0,1,1
11,194,66,7.8,1,1,1
3,225,74,25.1,0,0,0
9,164,68,9.4,0,1,1
2,239,51,22.9,0,0,0
13,314,76,11.6,0,0,1
2,5,40,21.3,0,0,0
15,319,44,19.2,0,1,1
1,64,57,11.0,1,0,0
9,158,62,22.6,0,1,1
3,326,78,17.0,0,1,1
9,197,74,23.7,0,1,1
12,328,34,13.0,0,1,1
3,319,56,14.5,1,1,1
5,44,100,9.7,1,1,1
7,181,100,18.5,0,0,1
10,184,56,5.7,0,1,1
11,203,92,17.1,0,0,1
9,370,68,14.3,0,1,1
11,422,73,9.3,1,0,1
11,330,34,26.1,0,0,0
12,350,72,15.7,0,0,0
15,406,77,9.6,0,1,1
3,201,59,5.9,0,1,1
2,111,60,19.4,1,1,1
10,289,41,17.2,0,1,1
9,20,69,26.1,0,0,0
6,5,60,7.7,1,0,1
14,242,55,13.0,0,1,1
5,180,40,6.7,1,1,1
12,133,64,16.7,1,1,1
13,39,18,11.5,1,1,1
1,92,51,27.8,1,1,0
10,89,100,14.7,1,0,1
8,320,61,12.9,1,0,1
3,101,34,14.3,1,0,1
6,181,68,20.1,0,1,1
15,131,72,18.0,1,0,1
12,122,34,18.0,1,0,0
9,147,0,7.0,0,0,1
13,311,77,11.7,0,0,1
7,286,55,6.7,0,0,1
15,168,29,17.2,0,1,0
8,233,66,19.4,1,1,1
4,204,50,11.5,1,1,1
11,5,81,11.3,1,0,1
15,211,22,10.1,0,0,1
5,153,39,24.6,0,1,0
14,5,73,20.2,1,0,1
6,101,53,10.5,0,0,0
10,34,57,6.0,0,0,0
11,30,65,10.9,0,1,1
2,309,99,2.0,1,0,1
11,143,71,5.1,0,0,1
4,195,62,17.3,0,1,0
2,220,64,15.3,0,1,1
2,5,98,2.0,0,1,1
3,152,76,2.0,0,0,1
2,275,84,10.8,1,1,1
11,106,50,8.8,0,0,1
13,232,63,17.9,0,0,1
7,264,81,4.5,0,0,1
1,152,59,11.0,0,0,1
12,417,64,15.5,1,1,1
4,5,60,20.9,0,0,0
4,32,55,14.6,1,1,1
9,431,48,8.1,0,0,1
15,288,60,17.9,1,0,1
13,358,74,21.3,1,0,1
5,278,38,12.1,0,1,1
3,367,31,16.5,1,0,1
6,96,67,21.8,0,0,0
7,141,72,12.8,0,0,0
10,347,8,19.8,0,1,0
6,327,44,7.7,1,0,1
12,223,35,7.5,0,0,1
10,35,33,15.7,1,0,0
10,231,97,14.1,1,0,1
4,422,30,22.1,1,0,1
4,282,92,16.7,1,1,1
9,311,88,21.6,1,1,1
15,94,64,20.7,0,0,0
5,128,67,7.1,0,0,1
8,86,79,8.1,0,1,1
10,218,40,19.1,0,1,1
8,269,53,4.7,1,0,1
10,128,94,20.4,0,1,1
2,378,46,13.9,1,1,1
1,99,13,14.9,1,0,0
14,175,100,11.9,1,0,1
5,288,67,16.8,0,0,1
12,152,35,20.1,1,0,0
2,296,24,20.8,0,1,0
7,32,74,20.6,1,1,1
15,266,2,7.1,1,0,1
10,153,13,10.8,1,1,1
14,160,50,16.1,0,0,1
14,343,70,17.7,0,0,1
5,133,28,22.2,1,1,1
1,196,44,11.3,0,0,0
9,298,79,19.8,0,0,1
13,195,55,22.3,1,0,1
7,224,39,11.0,1,0,1
7,83,79,6.9,0,0,1
13,195,14,12.4,1,1,1
10,231,54,19.1,0,0,0
12,181,66,20.6,0,1,1
9,121,43,13.0,0,1,1
4,248,31,11.4,0,1,1
6,71,41,23.1,0,0,0
5,294,91,10.6,1,1,1
4,146,32,15.7,1,0,1
4,223,94,19.9,0,0,1
3,5,71,25.3,1,1,0
12,262,56,9.9,1,1,1
4,385,79,12.8,0,0,1
11,197,81,12.7,0,1,1
13,518,86,21.9,1,1,1
15,95,61,9.0,1,1,1
2,349,46,25.7,1,0,0
14,490,63,18.5,0,1,1
1,333,72,14.2,1,1,1
2,82,63,8.3,1,1,1
1,186,91,20.6,0,0,1
10,389,45,3.5,1,1,1
5,38,80,11.2,0,0,0
5,377,32,17.9,0,0,0
10,76,93,13.3,1,0,1
11,433,73,20.6,0,1,1
1,101,91,12.0,1,0,1
5,147,44,19.9,1,1,0
9,121,76,13.3,1,0,1
4,185,71,17.3,1,1,1
14,281,54,11.1,1,1,1
12,297,60,16.3,1,0,1
7,122,25,15.4,0,0,0
5,148,96,2.0,0,1,1
5,274,71,2.0,0,0,1
13,56,47,14.0,1,1,1
12,256,82,19.9,1,0,0
8,229,32,10.5,0,0,1
15,280,78,11.9,1,0,1
14,40,86,13.4,0,0,1
1,5,100,12.8,1,0,1
7,203,42,14.6,0,0,0
11,95,72,9.6,0,1,1
15,15,47,22.9,0,0,0
12,92,64,12.8,1,0,1
2,160,68,20.7,1,0,0
9,207,55,27.1,1,0,0
14,126,43,4.6,0,1,1
5,5,59,13.8,0,0,0
8,5,37,14.2,1,0,0
8,114,57,7.4,1,1,1
9,5,59,11.4,0,0,0
5,390,51,23.3,0,1,1
8,64,100,18.1,0,0,0
7,262,66,14.6,0,1,1
2,147,75,14.3,0,0,1
8,226,38,7.1,1,0,1
7,117,68,10.7,0,1,1
7,306,63,10.8,1,0,1
10,345,67,18.6,1,0,1
5,303,100,10.3,0,1,1
7,201,81,14.5,0,1,0
11,166,74,12.6,0,0,1
11,319,66,14.8,0,1,1
6,77,36,13.4,0,1,0
14,83,100,28.0,1,0,1
1,191,55,21.6,1,1,0
7,5,71,7.2,1,0,1
15,232,39,13.6,1,0,1
9,243,86,8.1,1,0,1
1,372,38,15.4,0,1,1
3,327,51,19.9,0,1,1
4,192,44,16.0,1,1,1
3,117,71,7.5,0,0,1
7,270,16,20.4,0,0,0
3,5,47,16.7,1,1,1
13,186,53,18.5,1,0,1
10,196,30,15.5,0,0,1
4,83,64,16.0,0,0,1
13,5,58,10.4,0,0,1
2,270,72,10.8,0,0,1
7,5,16,7.3,0,1,1
4,261,0,22.9,0,1,0
9,5,62,21.6,0,1,0
14,311,25,12.5,0,0,1
5,386,75,30.0,1,1,1
2,93,56,23.3,0,1,0
1,194,62,15.2,0,1,1
13,163,55,15.0,1,1,1
8,391,38,12.6,1,0,1
3,202,46,16.4,1,0,1
15,5,72,12.2,0,1,1
9,72,89,20.5,0,0,1
8,275,41,11.3,1,1,1
2,87,96,13.1,0,1,1
15,431,42,15.4,1,1,1
9,294,51,11.9,1,0,1
10,353,53,15.5,1,1,1
9,264,63,9.0,1,1,1
14,5,39,19.8,0,1,1
5,262,73,14.2,1,0,1
10,214,100,14.4,0,0,1
11,284,78,2.9,1,1,1
15,164,48,6.1,1,0,1
2,184,27,6.2,1,0,1
12,284,64,21.9,0,0,0
9,173,37,5.6,1,0,1
4,315,25,15.9,1,0,1
10,147,49,17.3,1,1,1
1,228,56,14.1,1,1,1
1,235,61,14.8,1,0,1
10,123,80,8.5,1,0,1
15,253,31,5.6,1,1,1
5,5,27,19.5,1,1,0
1,334,29,14.4,1,1,1
1,39,85,18.1,1,1,0
6,175,69,11.5,1,1,1
15,213,100,12.7,0,1,1
5,89,65,19.6,1,0,1
9,144,78,26.3,0,1,1
14,118,55,30.0,1,1,0
15,108,31,4.0,1,0,1
3,258,50,14.9,1,1,1
1,195,72,11.8,0,1,1
10,79,67,20.1,1,0,0
1,157,24,23.1,1,0,0
2,244,76,11.2,0,0,1
13,340,32,27.8,1,1,0
8,38,63,28.3,1,1,0
13,163,71,15.2,1,0,1
2,93,45,14.1,0,0,0
2,174,50,12.2,0,1,0
14,5,54,28.9,1,1,0
1,334,61,11.4,0,0,1
9,196,96,12.7,1,1,1
9,301,68,5.6,0,0,1
3,361,59,2.0,1,1,1
15,156,14,4.9,0,1,1
12,92,37,14.8,1,1,0
11,192,54,7.8,1,0,1
2,233,61,14.5,0,0,1
5,267,81,14.0,0,1,1
7,128,79,14.3,1,1,1
9,199,59,30.0,0,1,0
14,98,77,11.4,0,1,0
9,49,72,18.0,0,1,1
11,265,13,10.8,0,1,0
6,39,16,13.2,1,0,1
7,333,46,19.4,1,1,1
5,326,51,4.2,1,1,1
14,58,41,13.2,0,0,1
4,196,77,12.8,0,1,1
9,181,83,13.9,1,0,1
15,135,55,10.3,1,0,1
5,273,32,13.1,0,1,1
4,137,80,11.5,1,0,1
15,5,92,8.2,1,1,1
11,60,92,28.2,0,0,0
7,49,79,18.1,0,0,1
12,111,100,15.7,0,0,1
13,149,29,24.5,0,1,0
9,239,48,11.3,0,1,1
4,251,92,9.5,1,0,1
1,276,18,22.3,0,0,0
12,47,66,8.8,1,1,1
5,222,0,24.9,0,1,0
3,24,34,20.9,1,1,0
11,346,42,16.8,1,1,1
1,263,88,10.7,0,1,1
8,106,58,19.2,0,1,0
9,313,31,13.2,0,0,1
11,219,68,7.9,1,0,1
2,292,45,12.0,0,1,0
9,54,66,15.3,1,1,1
10,117,45,8.5,1,0,1
13,99,84,13.7,0,1,0
6,151,49,21.1,1,0,0
2,146,95,18.0,1,1,1
5,331,37,20.9,1,0,1
2,363,84,20.8,1,1,1
3,79,51,5.0,0,0,1
3,146,92,7.6,0,0,1
2,120,27,24.8,0,0,0
11,205,60,17.6,1,0,1
14,84,49,26.8,0,0,0
9,367,71,13.0,0,0,1
2,92,46,27.9,0,0,1
4,269,35,20.4,0,0,1
12,5,67,9.9,1,1,1
2,149,47,14.8,0,0,0
11,5,98,9.1,1,1,1
9,140,57,23.8,0,1,1
7,247,66,16.4,0,1,1
12,5,53,22.0,0,1,0
11,35,70,11.6,0,0,1
13,17,75,6.6,0,1,1
13,175,86,8.5,0,0,1
7,182,66,20.7,1,0,1
4,277,45,21.6,0,1,0
7,154,45,19.9,0,0,0
14,116,31,19.2,1,1,0
10,23,33,12.5,1,1,0
6,5,31,18.9,0,0,0
15,139,100,14.7,1,1,1
2,66,100,11.8,0,1,0
5,338,55,15.3,0,0,1
15,147,69,18.3,0,1,1
8,88,44,6.6,1,0,1
14,215,83,20.2,1,1,1
10,150,32,15.9,0,1,0
13,251,59,3.6,0,1,1
4,180,62,6.6,1,0,1
12,186,24,5.0,1,0,1
8,121,38,10.8,0,0,0
9,93,61,12.7,0,1,1
11,285,80,22.7,1,0,1
6,208,49,12.7,1,0,1
14,180,77,10.6,0,1,1
1,98,65,11.7,0,0,1
2,98,72,14.4,0,1,0
13,211,49,21.8,1,1,0
11,157,24,12.9,0,1,1
2,269,79,19.7,0,1,0
2,74,39,24.2,1,1,1
6,194,47,23.2,0,1,0
5,207,93,10.0,0,0,1
7,242,59,9.0,0,0,1
11,214,24,15.8,0,1,1
12,298,25,22.9,1,0,1
3,229,34,13.0,0,0,0
8,212,60,16.7,1,0,1
13,211,48,13.0,1,1,1
3,410,96,18.3,0,1,1
6,275,64,6.0,1,0,1
13,139,31,6.1,0,0,1
3,218,30,10.5,0,1,1
1,74,64,13.9,0,0,1
7,77,62,16.0,0,1,1
1,189,68,28.2,1,0,1
3,103,2,18.6,1,1,0
9,307,67,15.4,0,1,1
15,332,25,10.1,1,0,1
8,191,54,17.6,0,0,0
12,386,74,9.9,1,0,1
7,170,72,17.3,0,1,1
9,124,69,29.1,1,0,0
1,197,36,15.5,1,0,1
10,305,63,9.4,1,0,1
14,201,83,8.1,1,0,1
11,272,49,7.4,0,1,1
2,327,88,12.4,0,1,1
14,128,48,17.7,1,0,0
3,89,87,15.8,0,0,1
2,5,0,6.4,1,1,0
1,249,1,24.6,1,1,0
14,343,37,18.0,0,1,1
6,278,54,17.8,1,0,1
3,101,66,3.7,1,1,1
10,414,28,14.5,0,1,1
10,183,64,12.7,1,1,1
13,169,61,7.9,0,1,1
2,368,49,7.6,0,1,1
5,94,26,15.8,0,0,0
12,105,63,5.8,0,0,1
1,260,11,9.1,0,1,0
11,121,70,15.7,1,0,1
2,310,36,7.8,1,1,1
15,307,74,15.4,1,1,1
13,5,63,15.4,0,1,0
3,115,97,14.2,1,0,1
5,5,46,5.7,1,0,0
8,80,67,16.6,0,0,0
5,5,96,13.3,1,0,1
3,212,65,13.1,1,0,1
13,41,78,9.0,1,1,1
9,257,90,24.5,0,1,1
8,141,21,23.4,1,1,0
7,99,83,13.0,1,1,1
6,118,100,19.7,0,1,0
3,124,70,9.2,0,0,1
1,287,100,17.9,0,1,1
6,123,73,12.7,0,0,1
12,200,51,15.4,1,0,1
10,134,86,16.1,0,0,1
2,5,70,18.2,0,1,0
7,430,2,19.7,0,0,1
13,244,64,18.3,1,1,1
1,92,67,13.9,0,0,0
7,266,45,6.0,1,0,1
15,84,85,15.9,1,0,1
1,100,81,30.0,0,0,0
15,283,77,6.5,1,1,1
1,216,53,9.7,0,0,0
13,63,100,15.7,0,0,1
6,118,53,29.5,0,0,0
6,166,46,18.0,1,1,1
10,43,55,13.2,1,0,1
1,115,89,13.1,1,0,0
12,124,61,7.0,0,0,1
9,284,95,17.4,0,1,1
10,364,38,10.3,1,0,1
11,345,86,20.4,0,0,1
7,140,68,14.2,1,0,0
13,279,74,2.0,0,0,1
10,166,64,10.5,0,0,1
3,235,51,18.4,0,0,0
9,349,85,16.8,1,0,1
5,282,69,16.4,0,0,0
6,351,28,8.7,0,1,1
13,5,58,18.6,0,1,0
6,115,88,15.8,0,0,1
2,318,56,27.4,0,0,0
8,419,35,18.1,0,0,1
7,314,48,16.7,0,0,1
12,292,43,25.1,1,1,1
13,18,83,11.5,0,1,1
12,141,27,14.5,0,0,0
10,300,65,21.7,1,1,1
6,140,69,14.2,0,0,1
8,35,7,19.9,1,1,0
14,288,49,10.7,0,1,1
4,282,54,19.8,0,1,0
2,160,58,22.4,1,0,0
6,389,26,15.8,1,0,1
3,254,39,25.1,1,0,0
5,49,59,13.1,0,0,1
11,305,61,14.3,0,0,1
5,299,0,18.9,1,0,1
12,22,82,28.5,0,0,0
15,312,100,10.0,1,0,1
1,258,53,6.8,1,1,1
3,267,56,10.3,0,0,1
8,177,11,14.1,0,0,0
1,259,20,21.1,1,1,0
15,114,67,9.8,1,1,1
10,92,46,17.4,1,1,0
14,28,66,14.8,0,0,1
12,219,61,18.6,1,1,1
1,5,16,26.6,0,0,0
13,294,51,14.7,0,0,0
3,475,66,11.8,1,1,1
3,416,55,19.5,0,1,1
8,124,76,11.4,0,0,1
8,319,56,18.1,0,0,0
14,256,21,11.5,0,0,1
9,80,70,22.1,0,0,1
12,139,67,17.7,0,0,1
10,74,100,20.6,0,0,1
15,324,73,8.8,0,1,1
11,5,70,14.0,1,0,1
13,324,48,13.5,0,1,1
6,5,53,2.0,1,0,1
15,282,71,11.4,1,1,1
8,51,59,30.0,0,0,0
9,186,64,9.1,0,0,1
13,223,46,20.4,1,0,1
13,219,62,4.9,0,0,1
7,42,49,20.8,0,1,0
13,124,49,10.8,1,1,0
5,103,19,19.1,0,0,0
3,247,36,7.8,0,1,1
1,187,56,13.3,0,0,1
9,231,100,22.6,0,0,1
3,51,74,12.4,0,1,1
5,359,52,8.7,1,1,1
12,84,42,13.7,0,0,1
6,100,100,20.1,0,0,0
12,269,60,22.7,0,0,1
4,5,67,19.7,0,1,0
12,195,44,6.7,0,0,0
3,5,76,2.0,1,1,1
15,88,52,3.9,0,0,1
12,27,88,11.3,0,0,0
13,180,66,15.2,0,0,1
15,221,71,10.4,0,1,1
4,323,77,20.6,0,0,1
13,67,39,16.9,0,1,1
6,514,84,8.0,1,0,1
4,453,54,15.3,0,0,1
11,367,72,10.4,0,0,1
15,216,61,20.0,0,1,1
14,148,46,14.0,0,0,0
9,164,60,9.6,0,0,0
1,135,38,12.9,1,0,0
12,189,70,20.4,1,0,1
7,214,33,13.4,0,0,0
13,383,100,18.9,0,0,1
1,210,69,5.4,0,1,1
15,74,67,14.6,1,1,1
15,289,67,13.4,1,1,1
15,176,68,15.3,0,1,1
7,184,10,5.7,0,0,1
13,368,68,10.7,1,1,1
5,274,45,18.9,1,1,1
1,237,60,17.3,1,1,1
4,103,35,2.0,1,0,1
10,362,78,16.4,1,1,1
11,299,57,24.4,1,0,1
3,90,38,6.1,0,1,1
15,192,42,2.0,0,0,1
3,5,74,15.2,1,0,1
11,299,47,10.8,0,1,1
9,5,64,14.2,1,1,1
2,222,64,17.7,0,1,0
10,230,62,11.0,0,1,1
4,94,40,13.0,1,0,0
10,184,82,12.0,1,1,1
9,194,44,15.4,1,0,1
12,202,65,10.8,1,1,1
3,102,18,20.2,1,0,0
4,143,46,26.2,0,0,0
4,245,64,16.6,0,0,1
12,149,23,20.2,1,1,1
6,192,71,12.8,1,1,1
13,164,45,22.1,1,1,1
13,463,81,4.3,1,1,1
15,159,69,9.1,1,1,1
6,165,41,9.7,0,1,1
8,5,71,19.8,1,1,1
12,186,89,10.8,1,0,1
15,120,89,22.8,1,0,1
6,300,80,24.3,1,1,1
12,174,88,19.2,0,1,1
15,295,63,8.0,1,0,1
3,7,54,20.6,1,0,0
6,302,68,12.6,1,1,1
8,236,63,15.9,0,0,0
4,128,100,22.4,0,1,0
5,5,61,20.4,0,0,0
12,302,61,14.0,0,1,1
2,116,52,19.0,1,0,0
5,409,77,18.8,0,0,1
3,284,51,16.7,1,0,1
6,304,67,26.9,1,0,1
1,271,61,9.3,1,1,1
13,205,73,25.4,1,0,1
15,69,54,19.9,0,0,0
11,72,78,7.8,0,1,0
14,166,46,20.3,1,0,1
2,391,53,14.3,0,1,1
8,169,97,18.2,0,1,1
4,321,82,20.7,1,1,1
3,100,45,10.0,1,1,1
14,178,59,18.3,1,0,1
4,5,43,6.5,0,0,0
7,145,60,2.5,1,0,1
8,313,95,19.3,1,1,1
7,331,78,14.3,1,1,1
4,294,45,17.1,1,0,1
15,364,56,14.9,0,0,1
11,101,80,13.8,1,0,1
15,180,77,23.1,0,0,0
6,144,35,13.1,1,0,1
15,153,51,19.4,0,1,0
3,91,41,22.1,0,0,0
6,207,56,21.3,1,0,1
1,194,46,3.9,1,0,0
12,243,20,7.6,0,0,1
9,220,35,11.6,0,1,0
15,345,27,18.3,0,0,1
7,334,40,15.4,1,1,1
9,5,74,4.3,1,0,1
1,301,78,11.0,0,1,1
6,241,93,11.0,0,1,0
6,117,74,22.4,0,0,0
3,5,100,13.9,1,0,1
4,96,72,20.8,0,0,0
14,388,51,13.4,1,0,1
4,235,65,7.3,0,0,1
2,135,45,15.2,1,0,0
2,43,0,25.5,0,1,0
3,165,43,2.0,1,1,1
2,265,83,18.9,0,0,1
2,336,51,21.5,0,1,1
7,74,34,8.6,0,1,1
14,90,34,19.3,0,0,0
14,295,72,10.5,1,1,1
13,195,37,8.4,1,1,1
8,424,49,22.4,0,1,1
5,286,82,20.7,0,0,1
4,345,69,25.3,0,0,0
