Time_On_Site,Pages_Viewed,Exit_Rate,Visitor_Type,Device,Age,Voucher_Used
0.4888010037315017,-1.5560027112519728,-1.4335244264121292,1,0,0.3107206110402016,0
-0.1610200217409986,-1.0333279678015284,-0.11839692344749014,1,0,0.47617354556640046,1
0.6423020333706749,0.012021519099360289,-1.1286700726251777,1,0,1.5516176199866933,0
1.5377247062658523,0.012021519099360289,-0.5579543637914665,0,1,0.14526767651400266,1
-0.2607956910064614,1.5800457494506932,-1.6674824188532777,1,0,0.8070794146187983,0
-0.2607956910064614,-1.5560027112519728,-0.34172046168676845,1,1,0.6416264800925994,0
1.596566767627535,0.012021519099360289,0.17936779420488097,1,0,0.7243529473556989,0
0.7651028570820131,1.057371006000249,0.4204154227806098,0,1,0.393447078303301,1
-0.5012806374411659,0.5346962625498046,0.5728425996740856,0,0,-0.1029117252752957,1
0.5348513126232532,-1.5560027112519728,1.1754616711134076,1,0,1.3861646854604945,1
-0.49360558595920734,1.057371006000249,-0.9833325318662824,1,0,-0.18563819253839517,0
-0.4961639364531934,0.012021519099360289,-1.3130006121242646,0,1,0.47617354556640046,0
0.22784925334490672,1.5800457494506932,1.2286339421227597,0,1,0.3107206110402016,1
-1.9774488724712156,0.012021519099360289,-1.1889319797691098,1,0,1.5516176199866933,1
-1.785572585422249,0.5346962625498046,1.6540121101975755,0,1,1.3861646854604945,0
-0.5959396057186562,1.057371006000249,1.1967305795171486,1,0,0.14526767651400266,0
-1.056442694636176,0.012021519099360289,0.009216526974954509,0,1,0.6416264800925994,1
0.30204141767050724,0.5346962625498046,1.6788258366686064,0,0,-0.516544061590793,0
-0.9489919738887546,-1.5560027112519728,-1.3945314276719376,1,1,-1.5092616687479865,0
-1.4657787736739714,0.012021519099360289,-0.6784781780793311,1,0,-0.9301763979062903,1
1.478882644904169,-0.5106532243510841,0.48422214799183216,1,0,-0.516544061590793,0
-0.25056228903051636,-1.5560027112519728,-0.5154165469839851,1,1,-0.4338175943276935,0
0.048764718765871594,1.5800457494506932,1.4944952971695198,1,1,-0.35109112706459406,0
-1.4785705261439024,-1.0333279678015284,-1.5044207877579316,1,1,-0.18563819253839517,1
-0.5780311522607525,-0.5106532243510841,0.17582297613759085,0,1,-0.8474499306431909,0
0.09225667716363743,0.012021519099360289,0.321160516896486,1,1,-1.3438087342217875,0
-1.1971519718054182,-0.5106532243510841,0.5373944190011842,1,0,-1.3438087342217875,1
0.3634418295261767,1.5800457494506932,-0.8415398091746771,1,1,-0.5992705288538924,1
-0.6343148631284495,-1.5560027112519728,-0.46578909404192315,0,1,0.393447078303301,0
-0.3196377523681444,0.012021519099360289,1.2002753975844387,1,1,-1.0956293324324893,0
-0.6368732136224355,1.5800457494506932,-1.054228893212085,1,1,-1.3438087342217875,0
1.8754269714720333,0.012021519099360289,1.1400134904405064,1,1,-1.1783557996955887,0
-0.03310249704168755,1.057371006000249,0.22190561101236259,0,0,-0.4338175943276935,0
-1.102493003527928,-0.5106532243510841,0.9166899522012283,0,0,-0.5992705288538924,0
0.8213865679497104,2.1027204929011374,0.7465386849713017,1,1,1.3034382181973951,0
-1.2687857856370321,1.057371006000249,-1.0116910764046034,0,1,1.634344087249793,0
0.19459069692308628,-1.5560027112519728,0.24317451941610302,1,0,-1.4265352014848869,0
-2.0260575318569534,0.012021519099360289,1.2818062131321117,1,1,1.2207117509342955,0
-1.3787948568784396,-0.5106532243510841,-0.23183110160077447,0,1,-0.35109112706459406,0
0.18179894445315517,-0.5106532243510841,1.6256535656592543,1,1,1.2207117509342955,0
0.7344026511541788,0.5346962625498046,-0.16093474025497176,1,1,-1.261082266958688,0
0.15621543951329295,0.012021519099360289,-1.2350146146438816,1,0,-0.4338175943276935,1
-0.13799486729512248,0.5346962625498046,-0.3771686423596698,0,0,0.6416264800925994,1
-0.327312803850103,-1.5560027112519728,1.5760261127171926,0,1,1.2207117509342955,1
-1.532295886517613,0.012021519099360289,-0.6217610890026889,1,1,1.3861646854604945,1
-0.757115686839788,-0.5106532243510841,1.2853510311994019,0,0,1.3034382181973951,1
-0.4910472354652213,-0.5106532243510841,1.3314336660741737,1,0,-0.9301763979062903,0
1.0618715143844153,0.5346962625498046,-0.5154165469839851,0,0,1.634344087249793,1
0.3301832731043555,-1.0333279678015284,-1.4406140625467094,1,0,1.2207117509342955,0
-1.8239478428320424,-0.5106532243510841,0.7855316837114933,1,1,0.6416264800925994,0
0.3122748196464523,1.057371006000249,-0.65011963354101,1,0,-0.5992705288538924,0
-0.4142967206456346,1.057371006000249,0.987586313547031,0,0,-1.4265352014848869,1
-0.7136237284420222,0.5346962625498046,-0.19283810286058298,1,1,1.7170705545128924,0
0.6064851264548677,0.5346962625498046,-0.04395574403439752,0,0,1.2207117509342955,0
1.0337296589505662,0.5346962625498046,0.9698622232105802,1,1,-0.6819969961169919,0
0.9339539896851043,-1.0333279678015284,-0.40198236883070076,0,1,-0.2683646598014946,1
-0.8799165105511265,0.5346962625498046,-0.19283810286058298,1,1,0.9725323491449972,1
-0.337546205826048,0.5346962625498046,-0.42325127723444156,1,1,-0.02018525801219625,0
0.3199498711284112,0.012021519099360289,-0.4551546398400528,0,1,-0.4338175943276935,1
0.9774459480828698,-0.5106532243510841,0.09429216058991774,1,1,-0.516544061590793,1
-0.5115140394171109,-1.0333279678015284,1.0797515832965745,0,1,-1.3438087342217875,0
-0.20962868112673694,-0.5106532243510841,-0.47287873017650345,1,1,-1.261082266958688,0
-1.1536600134076522,-0.5106532243510841,0.0907473425226276,1,1,1.3861646854604945,0
-1.24320228069717,0.5346962625498046,0.5976563261451165,1,1,-1.5092616687479865,0
0.8111531659737654,1.057371006000249,-0.7954571742999054,1,0,-0.7647234633800913,0
1.366315223168775,0.012021519099360289,-0.7670986297615844,0,1,1.2207117509342955,0
-0.094502908897357,-0.5106532243510841,1.5122193875059704,1,1,0.9725323491449972,0
1.005587803516718,0.5346962625498046,0.7819868656442032,0,0,1.2207117509342955,1
0.3506500770562456,1.5800457494506932,0.27507788202171424,1,0,0.9725323491449972,0
-0.6803651720202014,0.5346962625498046,0.5196703286647335,1,0,0.8070794146187983,0
0.3506500770562456,-0.5106532243510841,-1.6284894201130864,1,1,-0.02018525801219625,0
1.5530748092297695,0.5346962625498046,0.4168706047133196,0,1,0.47617354556640046,0
-0.056127651487563684,1.5800457494506932,0.03757507151327558,1,0,0.47617354556640046,0
1.5812166646636179,1.5800457494506932,0.16518852193572045,1,1,-1.0956293324324893,1
-2.701462062269316,-0.5106532243510841,-0.4835131843783738,1,1,1.3034382181973951,0
0.8213865679497104,1.5800457494506932,-1.4477036986812897,0,1,0.8898058818818978,1
0.06923152271776128,0.012021519099360289,-1.0613185293466652,0,0,0.393447078303301,0
-0.327312803850103,-1.0333279678015284,1.5724812946499025,0,1,-1.591988136011086,0
0.07434822370573381,0.5346962625498046,-0.30981709908115745,1,0,-0.7647234633800913,0
-2.054199387290802,-0.5106532243510841,-0.11130728731290988,0,0,0.0625412092509032,1
-0.24544558804254382,-0.5106532243510841,-1.5469586045654133,1,1,-0.35109112706459406,0
0.34553337606827345,-0.5106532243510841,-1.6001308755747654,0,0,-1.1783557996955887,1
1.4916743973741,0.012021519099360289,0.7607179572404623,1,0,-1.4265352014848869,0
-0.5498892968269042,-1.5560027112519728,0.13682997739739935,1,0,1.3034382181973951,0
-0.8466579541293058,-0.5106532243510841,0.03757507151327558,1,1,1.3861646854604945,0
-0.5345391938629868,1.5800457494506932,-0.8876224440494488,1,0,0.8898058818818978,0
0.9160455362272003,-0.5106532243510841,0.856428045057296,0,1,-0.8474499306431909,0
0.31739152063442444,0.5346962625498046,-1.1463941629616285,0,0,-1.6747146032741853,0
-0.5626810492968354,-1.0333279678015284,-1.0719529835485357,0,1,0.3107206110402016,1
0.5041511066954188,-0.5106532243510841,-0.1325761957166507,1,1,1.7170705545128924,1
0.07946492469370632,-1.5560027112519728,-0.7351952671559732,1,0,0.22799414377710212,1
0.9697708966009108,0.5346962625498046,-0.8698983537129982,1,0,-0.35109112706459406,0
-0.7392072333818844,0.012021519099360289,0.5090358744628631,1,1,-1.0956293324324893,0
-0.35545465928395126,-0.5106532243510841,0.530304782866604,1,1,0.47617354556640046,0
-0.42197177212759324,1.5800457494506932,1.1329238543059261,1,1,-0.2683646598014946,1
-1.5169457835536957,0.012021519099360289,-0.28145855454283636,1,0,0.47617354556640046,0
0.2815746137186179,1.5800457494506932,-1.4760622432196107,0,0,0.0625412092509032,0
0.2457577068028107,0.5346962625498046,-0.7812779020307448,1,0,-0.4338175943276935,0
-0.01519404358378393,-1.0333279678015284,1.6717362005340262,1,1,-1.591988136011086,0
-0.2607956910064614,-1.5560027112519728,0.3388846072329367,1,1,-1.3438087342217875,0
-1.4683371241679577,1.057371006000249,0.7359042307694313,1,0,-0.2683646598014946,1
-0.4501136275614415,-1.0333279678015284,-1.706475417593469,1,0,-1.5092616687479865,0
-0.3708047622478688,-0.5106532243510841,0.0694784341188868,0,1,0.47617354556640046,0
-0.8415412531413332,-0.5106532243510841,-1.6001308755747654,1,0,-0.35109112706459406,0
-0.1866035266808608,-0.5106532243510841,0.24671933748339314,1,1,-0.4338175943276935,0
0.39414203545401105,0.012021519099360289,1.4661367526311988,0,1,-1.261082266958688,0
1.9086855278938544,2.6253952363515816,1.6327432017938346,1,1,-1.1783557996955887,1
0.15877379000727904,0.012021519099360289,0.14746443159926978,1,1,-0.5992705288538924,0
0.2431993563088246,0.012021519099360289,-0.13966583185123096,1,1,1.3861646854604945,0
-0.09706125939134308,1.5800457494506932,1.551212386246162,0,1,1.5516176199866933,0
-1.9851239239531742,1.5800457494506932,0.6082907803469869,1,1,-0.516544061590793,0
-0.04845260000560473,0.012021519099360289,-1.5044207877579316,1,0,0.9725323491449972,0
0.04108966728391301,-0.5106532243510841,-0.11485210538020002,1,1,0.47617354556640046,0
2.4996644920046713,1.057371006000249,-0.8982568982513193,1,1,0.6416264800925994,1
-0.21730373260869554,1.057371006000249,-0.10067283311103967,1,1,1.3034382181973951,0
0.28924966520057616,-1.5560027112519728,-0.15030028605310136,1,1,-1.3438087342217875,0
-0.056127651487563684,-0.5106532243510841,0.2928019723581649,1,0,0.6416264800925994,0
-1.2150604252633217,0.5346962625498046,-0.4906028205129541,1,1,0.8898058818818978,0
1.1488554311799464,0.012021519099360289,-1.1605734352307888,1,0,-1.261082266958688,0
0.7497527541180959,-0.5106532243510841,0.019850981176824913,0,0,-1.591988136011086,1
0.7881280115278892,-0.5106532243510841,1.1541927627096669,1,1,-1.261082266958688,0
-0.951550324382741,1.5800457494506932,0.5763874177413757,1,1,-1.4265352014848869,0
1.4149238825545134,-0.5106532243510841,-0.5544095457241763,1,1,0.6416264800925994,0
-1.4555453716980264,-0.5106532243510841,1.5193090236405509,0,1,0.3107206110402016,0
0.5809016215150055,-0.5106532243510841,1.4377782080928776,1,0,-1.0129028651693897,1
2.220804288160173,1.057371006000249,-1.0046014402700232,0,1,-1.5092616687479865,1
-1.0334175401902999,-0.5106532243510841,-1.5930412394401852,0,1,0.393447078303301,1
-0.6010563067066287,1.057371006000249,0.8422487727881354,1,1,0.47617354556640046,0
0.0820232751876924,-1.0333279678015284,1.1435583085077965,1,1,1.2207117509342955,0
-0.5345391938629868,1.5800457494506932,1.6327432017938346,1,1,0.8898058818818978,0
-1.6064880508432136,0.012021519099360289,1.3597922106124947,0,1,-1.6747146032741853,1
0.048764718765871594,0.012021519099360289,0.35660869756938735,1,1,-0.4338175943276935,1
-1.1076097045159004,-1.5560027112519728,0.10847143285907829,0,1,-0.8474499306431909,0
0.4632174987916395,0.5346962625498046,-1.6355790562476666,1,0,0.393447078303301,0
-0.9617837263586857,1.057371006000249,-0.8734431717802883,1,0,1.5516176199866933,1
1.5658665616997005,-1.5560027112519728,-0.13612101378394081,1,1,-1.6747146032741853,0
-0.8210744491894436,0.5346962625498046,0.45231878538622095,1,1,0.393447078303301,1
-0.3503379582959791,0.5346962625498046,0.20418152067591192,0,0,0.5589000128295,0
0.8111531659737654,-1.5560027112519728,0.8493384089227157,1,1,-1.0129028651693897,0
-1.2790191876129773,-0.5106532243510841,-0.7600089936270041,0,1,0.0625412092509032,1
0.21249915038098952,0.012021519099360289,0.23254006521423262,1,1,-1.0956293324324893,0
1.3177065637830374,-1.5560027112519728,-1.426434790277549,1,0,1.7170705545128924,0
-1.6653301122048965,-1.0333279678015284,-0.2956378268119969,0,1,0.47617354556640046,1
0.16900719198322406,0.012021519099360289,0.8741521353937466,1,0,1.468891152723594,0
0.2457577068028107,0.012021519099360289,0.6791871416927892,1,0,-0.18563819253839517,0
0.780452960045931,0.5346962625498046,1.7107291992742177,0,0,0.3107206110402016,1
-1.2866942390949359,0.5346962625498046,-0.7670986297615844,0,0,1.3861646854604945,0
-1.371119805396481,-1.5560027112519728,-0.0014179272269158965,0,1,-0.02018525801219625,0
0.5143845086713639,0.012021519099360289,-0.5863129083297876,1,1,0.22799414377710212,0
0.284132964212604,-0.5106532243510841,-0.19992773899516325,1,0,0.22799414377710212,0
0.23552430482686565,-0.5106532243510841,1.2463580324592103,0,0,-0.18563819253839517,0
0.3352999740923284,1.057371006000249,0.6472837790871784,0,1,-1.591988136011086,0
-0.7161820789360086,-0.5106532243510841,1.3349784841414638,1,0,-0.5992705288538924,0
0.21761585136896242,-0.5106532243510841,-1.0258703486737641,1,1,0.8898058818818978,0
0.27901626322463113,-1.0333279678015284,1.3030751215358525,1,1,1.7170705545128924,0
-0.7519989858518156,1.057371006000249,-1.5221448780943823,1,1,0.8898058818818978,0
1.8882187239419643,0.012021519099360289,1.3562473925452045,0,1,0.5589000128295,1
0.46577584928562554,-0.5106532243510841,-0.5898577263970777,1,1,1.468891152723594,0
-1.240643930203184,0.012021519099360289,-0.6394851793391396,1,1,1.5516176199866933,0
0.65253543534662,0.5346962625498046,0.048209525715145994,0,1,1.7170705545128924,1
-1.0180674372263827,1.057371006000249,1.5370331139770015,1,1,1.5516176199866933,1
0.7855696610339031,1.5800457494506932,-1.564682694901864,1,1,-0.6819969961169919,0
1.1642055341438642,0.012021519099360289,-0.5083269108494047,1,0,-0.7647234633800913,1
-0.8594497065992369,0.012021519099360289,1.2428132143919202,0,1,-1.0956293324324893,0
0.9646541956129386,1.057371006000249,-0.355899733955929,1,1,-0.516544061590793,0
0.40181708693597,-0.5106532243510841,-1.0400496209429246,1,1,0.393447078303301,1
0.8213865679497104,0.012021519099360289,-0.2566448280718054,1,1,-0.7647234633800913,1
1.9214772803637854,1.057371006000249,-0.39134791462883034,1,0,0.47617354556640046,0
-0.271029092982406,1.057371006000249,1.448412662294748,0,1,-0.2683646598014946,1
-0.7903742432616089,-0.5106532243510841,0.9166899522012283,0,0,1.2207117509342955,1
-0.931083520430851,-1.0333279678015284,0.023395799244115046,1,1,0.47617354556640046,0
-0.8543330056112644,2.1027204929011374,1.7036395631396375,0,1,-1.0129028651693897,0
-0.09961960988532916,0.012021519099360289,-0.11485210538020002,1,1,1.468891152723594,0
0.32762492261036946,0.012021519099360289,-1.5292345142289627,1,1,-1.6747146032741853,0
0.26366616026071393,0.012021519099360289,-0.8202709007709362,1,1,-1.1783557996955887,0
0.8265032689376826,-1.5560027112519728,-0.21765182933161392,1,1,0.393447078303301,1
-0.00751899210182534,3.148069979802026,-1.1853871617018197,1,1,-1.1783557996955887,1
1.4660908924342377,1.057371006000249,1.561846840448032,0,1,-1.1783557996955887,1
-0.29149589693429573,-1.5560027112519728,0.9344140425376789,1,0,-1.0956293324324893,0
2.7631745928852522,2.1027204929011374,-0.7990019923671955,1,1,-0.4338175943276935,0
0.6192768789247988,1.057371006000249,0.321160516896486,1,1,-1.5092616687479865,0
-0.8978249640090302,-0.5106532243510841,0.7748972295096228,0,1,-0.9301763979062903,0
-1.115284755997859,-1.5560027112519728,1.5370331139770015,1,1,-1.1783557996955887,0
0.4734509007675845,0.012021519099360289,1.3314336660741737,0,1,-0.02018525801219625,1
-0.24800393853653027,0.5346962625498046,0.0588439799170164,0,0,1.3034382181973951,1
0.7113774967083026,-1.0333279678015284,0.9592277690087099,0,0,0.8070794146187983,1
0.4632174987916395,-1.0333279678015284,0.22190561101236259,1,1,0.14526767651400266,0
-0.094502908897357,0.012021519099360289,0.1900022484067514,0,1,0.47617354556640046,1
-0.8875915620330855,-0.5106532243510841,-1.3342695205280055,0,1,0.0625412092509032,1
-1.5706711439274064,1.5800457494506932,-1.2917317037205238,0,0,1.468891152723594,1
-0.47825548299529014,1.5800457494506932,0.10847143285907829,0,1,0.47617354556640046,1
0.8572034748655176,-0.5106532243510841,-0.7990019923671955,1,1,-1.4265352014848869,1
0.19970739791105843,1.5800457494506932,-1.6568479646514074,0,1,0.22799414377710212,1
-1.2943692905768944,-1.5560027112519728,0.7784420475769129,0,0,0.14526767651400266,0
0.15621543951329295,-1.0333279678015284,-1.617854965911216,1,1,-0.18563819253839517,0
0.37367523150212173,-0.5106532243510841,0.3353397891656465,1,1,1.7170705545128924,0
-0.9259668194428788,-0.5106532243510841,0.1403747954646895,1,0,-1.5092616687479865,0
0.1357486355614029,-1.0333279678015284,1.6327432017938346,1,1,0.47617354556640046,1
0.038531316789926565,-1.5560027112519728,-0.04750056210168765,0,0,-1.5092616687479865,0
-1.1894769203234596,-1.5560027112519728,-1.511510423892512,1,1,0.5589000128295,0
0.34553337606827345,-0.5106532243510841,0.18645743033946124,0,0,-0.35109112706459406,0
0.5527597660811572,0.012021519099360289,1.1896409433825683,1,0,0.8070794146187983,0
1.0874550193242776,-0.5106532243510841,1.7319981076779585,1,1,-0.9301763979062903,0
1.0593131638904285,0.5346962625498046,-0.2353759196680646,0,0,0.0625412092509032,1
-1.4299618667581642,1.057371006000249,-0.6182162709353988,1,1,0.7243529473556989,0
-0.9796921798165893,-0.5106532243510841,1.420054117756427,1,0,-0.02018525801219625,0
0.506709457189405,-1.0333279678015284,-1.0684081654812454,1,1,1.2207117509342955,0
0.506709457189405,-0.5106532243510841,0.40623615051144923,1,0,0.14526767651400266,1
0.506709457189405,-0.5106532243510841,-0.3204515532830278,1,1,1.3861646854604945,0
3.9221073666610105,-0.5106532243510841,-1.5894964213728948,0,0,-0.7647234633800913,0
0.5629931680571022,1.057371006000249,-0.5260510011858555,0,1,0.3107206110402016,1
1.141180379697988,1.5800457494506932,-0.8096364465690659,1,0,-0.1029117252752957,0
0.9569791441309797,-1.0333279678015284,0.6508285971544685,1,0,1.7170705545128924,0
0.647418734358647,0.012021519099360289,1.565391658515322,1,1,-1.1783557996955887,0
-0.3426629068140202,-0.5106532243510841,-0.7990019923671955,1,0,0.6416264800925994,0
0.7574278056000548,1.057371006000249,1.0868412194311547,1,0,0.6416264800925994,0
-0.8108410472134989,2.1027204929011374,-1.539868968430833,1,1,-0.6819969961169919,0
-0.26335404150044744,0.5346962625498046,0.13682997739739935,1,1,-1.5092616687479865,0
-0.5166307404050835,0.012021519099360289,-1.486696697421481,1,1,-1.591988136011086,1
0.06411482172978877,-1.5560027112519728,1.5122193875059704,1,1,-0.4338175943276935,0
2.348721812859484,-1.0333279678015284,0.9308692244703888,1,1,0.7243529473556989,0
-1.9313985635794637,0.5346962625498046,0.5551185093376348,1,1,1.3861646854604945,0
0.6832356412744544,0.5346962625498046,1.129379036238636,0,1,-1.261082266958688,0
-1.670446813192869,-0.5106532243510841,0.5196703286647335,1,1,-1.1783557996955887,0
-0.5038389879351524,-1.5560027112519728,1.636288019861125,1,1,-1.3438087342217875,1
1.0951300708062357,-1.5560027112519728,0.750083503038592,1,0,-1.1783557996955887,0
0.04620636827188516,0.012021519099360289,1.4803160249003593,1,0,1.0552588164080967,0
-1.1229598074798175,2.1027204929011374,0.06593361605159667,1,1,0.8898058818818978,0
-0.7519989858518156,-0.5106532243510841,-1.323635066326135,0,0,-0.6819969961169919,1
0.6755605897924953,1.057371006000249,0.10492661479178815,1,0,0.7243529473556989,0
-0.767349088815733,-1.5560027112519728,-1.2917317037205238,1,0,0.3107206110402016,1
0.2022657484050445,0.012021519099360289,0.32825015303106625,1,1,-0.02018525801219625,1
0.02573956431999546,0.012021519099360289,-0.05459019823626792,0,1,-0.02018525801219625,0
-0.68804022350216,1.057371006000249,0.43104987698248015,1,0,0.5589000128295,0
2.1747539792684214,-1.5560027112519728,-1.6958409633915987,1,0,-0.1029117252752957,1
0.6295102809007438,1.5800457494506932,-1.054228893212085,1,0,1.0552588164080967,1
-2.0925746447005955,-1.0333279678015284,-0.022686835630656706,1,0,-1.3438087342217875,0
0.17156554247721012,0.5346962625498046,1.5689364765826124,1,1,-0.2683646598014946,0
-0.698273625478105,1.057371006000249,-0.3984375507634106,1,1,1.468891152723594,0
0.8520867738775448,1.5800457494506932,-0.2566448280718054,1,1,-0.8474499306431909,0
-0.8313078511653886,0.5346962625498046,0.750083503038592,1,1,-0.35109112706459406,0
-0.13799486729512248,0.012021519099360289,0.3672431517712577,0,0,0.0625412092509032,0
0.4964760552134599,0.5346962625498046,-0.6926574503484916,1,1,1.3034382181973951,0
0.8648785263474759,0.5346962625498046,-0.30272746294657715,1,1,-0.1029117252752957,0
-1.2483189816851425,-0.5106532243510841,-0.9762428957317022,1,0,-1.261082266958688,0
-0.3631297107659102,-1.5560027112519728,1.6256535656592543,1,1,1.0552588164080967,0
-0.5063973384291385,0.012021519099360289,-1.2775524314513633,0,0,-0.5992705288538924,1
-0.68804022350216,2.1027204929011374,-0.44097536757089223,0,0,0.14526767651400266,1
1.7858847041825154,-0.5106532243510841,-1.6426686923822467,1,1,-0.1029117252752957,0
0.39414203545401105,-1.0333279678015284,-0.9620636234625417,0,1,-0.6819969961169919,1
-1.309719393540812,0.012021519099360289,0.9804966774124506,1,1,1.634344087249793,0
0.9186038867211864,-0.5106532243510841,-1.0329599848083444,1,1,0.8898058818818978,0
2.1517288248225452,-0.5106532243510841,-1.45479333481587,1,1,0.393447078303301,1
1.0362880094445532,-1.0333279678015284,-0.082948742774589,0,1,-0.5992705288538924,1
-1.5757878449153788,0.5346962625498046,-1.6958409633915987,0,0,1.2207117509342955,0
-0.5166307404050835,0.5346962625498046,-1.4370692444794193,1,1,-1.0956293324324893,0
1.2767729558792573,0.012021519099360289,1.0726619471619943,1,0,1.5516176199866933,1
-0.7443239343698569,-0.5106532243510841,0.9485933148068395,1,1,0.0625412092509032,0
0.4350756433577912,1.5800457494506932,1.448412662294748,1,1,0.0625412092509032,0
0.7727779085639721,0.012021519099360289,1.23572357825734,1,0,-0.4338175943276935,0
-0.9694587778406443,-0.5106532243510841,0.6437389610198883,1,1,0.47617354556640046,0
-0.0817111564274259,-1.5560027112519728,-1.5505034226327035,1,1,-0.9301763979062903,0
-2.8344962879565996,-1.0333279678015284,0.987586313547031,1,0,0.3107206110402016,0
-1.069234447106107,-0.5106532243510841,1.207365033719019,0,0,0.8070794146187983,1
-0.27870414446436464,-0.5106532243510841,1.044303402623673,0,0,-0.02018525801219625,0
-1.296927641070881,0.5346962625498046,0.03403025344598545,1,1,0.47617354556640046,0
1.6502921280012461,0.012021519099360289,-0.9230706247223501,1,1,-0.35109112706459406,0
-1.483687227131875,0.5346962625498046,1.2038202156517288,0,0,0.9725323491449972,0
-0.4705804315133312,1.5800457494506932,0.7961661379133637,0,0,0.8070794146187983,0
0.11272348111552712,-0.5106532243510841,1.6752810186013163,1,1,1.7170705545128924,1
1.4558574904582928,0.5346962625498046,-1.1889319797691098,0,0,0.393447078303301,0
-1.4888039281198473,-1.0333279678015284,-0.9478843511933811,1,1,-0.02018525801219625,0
1.1693222351318364,1.057371006000249,-0.9939669860681528,1,1,1.2207117509342955,0
-0.010077342595811415,0.5346962625498046,1.0230344942199323,1,1,-1.6747146032741853,0
-1.0257424887083413,1.057371006000249,-1.0825874377504061,1,1,-1.4265352014848869,1
0.45298409681569446,-0.5106532243510841,-1.5008759696906415,1,1,-1.4265352014848869,1
0.18435729494714123,-1.0333279678015284,1.7390877438125387,1,1,0.393447078303301,0
-0.6343148631284495,-1.5560027112519728,-1.6462135104495368,1,1,-1.4265352014848869,0
0.05132306925985767,-1.0333279678015284,1.1719168530461175,1,0,-1.0129028651693897,0
-0.4142967206456346,-0.5106532243510841,-0.462244275974633,1,0,0.7243529473556989,0
0.09481502765762351,-1.0333279678015284,1.1931857614498584,0,0,-1.4265352014848869,0
0.6576521363345922,1.5800457494506932,0.19709188454133164,0,0,-1.3438087342217875,1
1.601683468615508,-1.0333279678015284,1.4023300274199764,0,1,0.14526767651400266,0
-1.2866942390949359,0.012021519099360289,1.4874056610349395,0,1,-0.4338175943276935,1
2.1619622267984906,0.012021519099360289,-1.6993857814588889,1,0,0.0625412092509032,0
-2.0183824803749952,-1.5560027112519728,-1.4689726070850304,1,1,1.3034382181973951,0
-0.17637012470491578,0.012021519099360289,-0.8628087175784179,1,1,-1.0956293324324893,0
0.5809016215150055,1.057371006000249,0.5941115080778263,1,1,0.9725323491449972,1
0.2662245107547,0.012021519099360289,1.3562473925452045,1,0,1.3861646854604945,0
-0.6573400175743256,1.5800457494506932,-0.1325761957166507,1,1,-0.4338175943276935,0
-0.2326538355726127,-1.0333279678015284,0.37787760597312814,1,0,-1.3438087342217875,1
-0.5243057918870421,0.012021519099360289,-1.0754978016158259,0,1,-0.4338175943276935,0
-0.6240814611525045,0.5346962625498046,1.065572311027414,0,0,-1.1783557996955887,0
0.8495284233835587,0.5346962625498046,1.6291983837265445,1,0,-1.6747146032741853,1
0.34553337606827345,-1.5560027112519728,-0.7990019923671955,1,0,-1.0129028651693897,0
-0.7289738314059397,0.5346962625498046,-0.0120523814287863,0,1,-0.2683646598014946,0
0.9006954332632832,-0.5106532243510841,-1.4335244264121292,0,1,-1.5092616687479865,1
0.29436636618854906,0.012021519099360289,0.2112711568104922,1,0,0.22799414377710212,1
0.8111531659737654,-1.0333279678015284,0.01630616310953478,0,1,0.5589000128295,1
0.624393579912771,0.5346962625498046,-1.2279249785093014,1,1,-0.9301763979062903,0
-0.8696831085751819,2.1027204929011374,-0.19638292092787313,1,1,-1.0129028651693897,0
-0.5933812552246701,0.012021519099360289,-0.5721336360606271,1,0,-0.6819969961169919,0
0.7446360531301238,2.6253952363515816,0.0801128883207572,1,1,1.1379852836711961,0
0.6039267759608816,-0.5106532243510841,0.30343642656003533,1,0,0.14526767651400266,0
-0.040777548523646144,-0.5106532243510841,-1.702930599526179,1,1,-0.35109112706459406,1
0.09993172864559602,-1.5560027112519728,0.913145134133938,1,1,-1.1783557996955887,0
1.2870063578552025,0.012021519099360289,0.7465386849713017,1,0,-0.4338175943276935,0
-0.6266398116464909,0.012021519099360289,-0.4586994579073429,0,1,1.5516176199866933,0
0.5399680136112261,-1.5560027112519728,-1.5469586045654133,1,1,1.2207117509342955,0
-0.2275371345846402,-0.5106532243510841,0.8918762257301973,1,0,-0.1029117252752957,0
-0.24288723754855776,0.012021519099360289,1.586660566919063,1,0,0.22799414377710212,0
1.1053634727821808,1.5800457494506932,-0.8982568982513193,1,1,-1.3438087342217875,1
0.8239449184436966,0.012021519099360289,-0.6075818167335284,1,0,-1.261082266958688,1
0.8111531659737654,-0.5106532243510841,-1.0932218919522765,0,0,0.5589000128295,1
1.3151482132890506,-1.5560027112519728,0.2715330639544241,1,0,-1.3438087342217875,0
0.00015605938013325024,0.5346962625498046,-1.1924767978364,1,1,1.468891152723594,0
0.6781189402864822,1.5800457494506932,-0.49414763858024424,1,1,1.3861646854604945,0
-0.337546205826048,0.012021519099360289,0.6898215958946596,1,0,-1.591988136011086,0
0.3122748196464523,0.012021519099360289,0.21481597487778234,0,0,1.468891152723594,1
-0.15334497025904,-1.5560027112519728,-0.3878030965615402,1,1,-0.02018525801219625,0
0.07946492469370632,2.1027204929011374,-0.27082410034096593,0,1,1.5516176199866933,0
0.5885766729969645,0.012021519099360289,0.22190561101236259,1,1,1.3034382181973951,0
-0.8568913561052508,-1.5560027112519728,-1.7100202356607592,1,1,-0.2683646598014946,0
2.12102861889471,-1.5560027112519728,-1.45833815288316,0,1,-0.7647234633800913,0
-1.0487676431542174,-1.0333279678015284,1.3314336660741737,1,1,-0.35109112706459406,1
-1.2636690846490597,0.012021519099360289,-1.4618829709504502,0,0,1.3034382181973951,0
1.1642055341438642,-1.5560027112519728,0.725269776567561,0,1,1.3861646854604945,1
0.7906863620218754,1.5800457494506932,1.4661367526311988,1,0,-0.516544061590793,0
0.6192768789247988,0.012021519099360289,-0.7919123562326151,1,1,-1.1783557996955887,0
0.6218352294187849,1.5800457494506932,-0.44452018563818235,1,1,-0.5992705288538924,0
-0.03310249704168755,1.057371006000249,0.24671933748339314,1,1,-1.6747146032741853,0
-0.93875857191281,0.5346962625498046,1.3314336660741737,1,1,1.3861646854604945,0
0.05643977024783019,1.5800457494506932,1.5405779320442916,1,0,-1.5092616687479865,0
-0.7136237284420222,1.057371006000249,0.8387039547208452,0,0,1.3034382181973951,1
0.9774459480828698,2.1027204929011374,-1.429979608344839,0,1,0.8070794146187983,0
-0.17125342371694363,0.012021519099360289,0.5941115080778263,1,1,-0.6819969961169919,0
-0.8645664075872094,-1.0333279678015284,-0.3062722810138673,1,1,-0.2683646598014946,0
-0.3503379582959791,2.1027204929011374,-0.09712801504374954,1,0,-0.35109112706459406,0
0.40181708693597,1.057371006000249,-1.5611378768345738,1,0,-0.35109112706459406,0
-0.5959396057186562,-1.0333279678015284,-1.0684081654812454,1,1,-0.8474499306431909,0
-0.8620080570932234,0.5346962625498046,1.015944858085352,0,0,-0.1029117252752957,0
0.22784925334490672,0.012021519099360289,-0.15384510412039148,0,0,-0.9301763979062903,1
0.2304076038388935,-0.5106532243510841,-0.6820229961466212,1,1,0.6416264800925994,1
-0.5396558948509592,0.012021519099360289,-0.3984375507634106,1,1,1.0552588164080967,1
-0.5012806374411659,-0.5106532243510841,1.23572357825734,1,0,-0.35109112706459406,0
0.21761585136896242,-0.5106532243510841,0.8706073173264565,0,0,1.7170705545128924,0
-1.5015956805897783,1.057371006000249,-0.7848227200980349,1,1,-0.6819969961169919,0
-1.460662072685999,-0.5106532243510841,-1.323635066326135,0,1,1.468891152723594,1
-0.7545573363458019,-0.5106532243510841,-0.8557190814438376,0,1,0.47617354556640046,0
-0.23777053656058522,-0.5106532243510841,1.4661367526311988,1,1,0.393447078303301,0
0.2969247166825351,0.5346962625498046,0.2892571542908748,0,0,0.5589000128295,0
1.489116046880114,-0.5106532243510841,0.12265070512823882,1,1,-0.6819969961169919,0
0.8572034748655176,0.012021519099360289,0.3388846072329367,0,0,-0.7647234633800913,0
-0.18404517618687474,-0.5106532243510841,-0.4586994579073429,1,0,0.5589000128295,1
-0.040777548523646144,-0.5106532243510841,1.0726619471619943,1,1,-1.591988136011086,0
-1.0462092926602309,1.057371006000249,0.08720252445533748,1,1,1.3034382181973951,1
-0.03821919802966006,0.012021519099360289,-1.327179884393425,1,1,1.0552588164080967,0
-0.3145210513801719,1.5800457494506932,-1.2846420675859436,0,0,0.14526767651400266,1
0.3097164691524662,-1.5560027112519728,0.13328515933010923,1,1,0.6416264800925994,1
-0.8671247580811955,1.057371006000249,1.522853841707841,1,0,1.1379852836711961,0
0.5118261581773779,-0.5106532243510841,-0.6607540877428804,0,0,-0.8474499306431909,0
1.5479581082417972,0.012021519099360289,1.288895849266692,1,1,0.9725323491449972,0
-0.13287816630715032,-0.5106532243510841,0.9237795883358085,0,0,-0.8474499306431909,0
0.391583684960025,0.5346962625498046,-0.8698983537129982,1,0,-1.0129028651693897,0
0.6857939917684405,-0.5106532243510841,-1.6036756936420555,1,1,-0.5992705288538924,0
-0.4296468236095518,-1.0333279678015284,-1.376807337335487,0,1,-1.0129028651693897,0
0.20994079988700345,-1.5560027112519728,0.7997109559806538,1,0,1.468891152723594,0
-0.00751899210182534,0.012021519099360289,-1.0365048028756345,1,0,-1.5092616687479865,0
0.07946492469370632,2.6253952363515816,-0.44097536757089223,1,1,0.6416264800925994,1
-0.8108410472134989,-1.0333279678015284,0.012761345042244642,1,1,-0.18563819253839517,0
0.005272760368105765,1.057371006000249,0.7890765017787834,1,1,1.2207117509342955,0
0.4888010037315017,0.5346962625498046,-1.3378143385952956,1,0,0.8898058818818978,0
1.4635325419402518,-0.5106532243510841,-0.3204515532830278,1,1,-1.1783557996955887,0
0.9620958451189526,-0.5106532243510841,-0.04750056210168765,0,1,0.5589000128295,1
2.1824290307503795,-1.0333279678015284,0.14746443159926978,1,0,-0.2683646598014946,1
-0.8057243462255264,0.012021519099360289,1.1116549459021856,1,1,-1.3438087342217875,1
0.8725535778294349,-0.5106532243510841,-1.135759708759758,1,0,0.14526767651400266,0
0.1664488414892376,-1.5560027112519728,1.0762067652292844,1,1,0.0625412092509032,0
2.220804288160173,0.5346962625498046,0.675642323625499,1,0,0.393447078303301,1
-0.8466579541293058,0.012021519099360289,0.2006367026086218,1,1,1.7170705545128924,0
-0.8799165105511265,1.5800457494506932,0.70045605009653,1,0,-0.7647234633800913,0
-0.6343148631284495,0.012021519099360289,-0.29918264487928703,1,0,1.5516176199866933,0
-2.194908664460044,1.5800457494506932,-1.2491938869130421,1,1,-0.18563819253839517,0
-0.5575643483088628,0.012021519099360289,0.5799322358086658,1,1,-1.6747146032741853,0
-0.7980492947435678,-0.5106532243510841,0.0907473425226276,1,1,-1.5092616687479865,0
0.1331902850674168,-1.5560027112519728,0.49131178412641247,1,1,0.47617354556640046,0
0.3301832731043555,0.012021519099360289,-0.5579543637914665,0,0,-0.2683646598014946,1
1.8984521259179092,-1.5560027112519728,1.420054117756427,1,0,0.7243529473556989,0
0.9518624431430075,-0.5106532243510841,0.3105260626946156,1,1,-1.591988136011086,0
-0.6112897086825734,-0.5106532243510841,-1.4335244264121292,0,0,-1.3438087342217875,0
-0.93875857191281,-1.0333279678015284,-0.16802437638955203,0,0,0.6416264800925994,0
0.4836843027435288,0.5346962625498046,0.8954210437974874,1,0,0.9725323491449972,0
-1.371119805396481,0.5346962625498046,1.0265793122872224,1,1,1.7170705545128924,0
1.854960167520144,0.5346962625498046,-0.0120523814287863,1,1,-0.1029117252752957,0
1.1872306885897397,-0.5106532243510841,1.3775163009489453,0,1,0.7243529473556989,1
-0.5012806374411659,0.012021519099360289,-0.8025468104344856,0,1,1.7170705545128924,1
-1.7727808329523178,-1.5560027112519728,-0.3062722810138673,1,1,-1.3438087342217875,0
1.366315223168775,-0.5106532243510841,1.391695573218106,1,1,-0.02018525801219625,0
-0.13799486729512248,-0.5106532243510841,1.3810611190162354,0,1,-0.516544061590793,0
1.246072749951423,2.1027204929011374,0.6508285971544685,1,0,-0.1029117252752957,0
-1.6525383597349654,0.012021519099360289,1.2534476685937908,1,1,-1.0956293324324893,0
-0.6343148631284495,0.012021519099360289,-1.4228899722102588,0,1,0.8070794146187983,1
-0.01519404358378393,0.012021519099360289,1.2747165769975315,0,1,-0.7647234633800913,0
0.0282979148139819,-1.0333279678015284,-0.6182162709353988,0,1,-0.02018525801219625,0
-0.48081383348927625,0.5346962625498046,-1.110945982288727,1,1,0.7243529473556989,0
0.6167185284308128,-1.0333279678015284,-0.8982568982513193,1,1,0.47617354556640046,1
-1.1127264055038728,0.5346962625498046,-0.27791373647554624,1,1,0.393447078303301,1
-0.16613672272897112,-0.5106532243510841,-0.8592638995111277,1,1,0.9725323491449972,0
0.1024900791395821,0.012021519099360289,-0.6182162709353988,1,1,0.393447078303301,0
0.506709457189405,1.057371006000249,-1.2633731591822026,1,1,0.393447078303301,0
0.7088191462143165,-0.5106532243510841,-0.7032919045503621,1,0,1.2207117509342955,0
-1.171568466865556,2.6253952363515816,0.25735379168526357,0,1,1.5516176199866933,0
-1.5911379478792962,0.012021519099360289,-0.19638292092787313,1,1,-1.6747146032741853,0
1.2870063578552025,0.012021519099360289,-0.5260510011858555,1,1,-0.516544061590793,1
0.3199498711284112,-1.5560027112519728,0.8635176811918762,1,1,-1.6747146032741853,0
-0.7852575422736366,1.5800457494506932,1.3739714828816552,1,1,-0.8474499306431909,1
1.5658665616997005,0.012021519099360289,0.8989658618647776,0,1,-1.591988136011086,1
0.09737337815160958,0.012021519099360289,-0.5792232721952073,1,0,-1.6747146032741853,0
1.1872306885897397,0.012021519099360289,0.856428045057296,1,1,0.8070794146187983,0
0.048764718765871594,-0.5106532243510841,-1.2031112520382705,1,1,-0.4338175943276935,1
2.08777006247289,-1.5560027112519728,-1.2775524314513633,1,0,0.0625412092509032,0
1.7756513022065705,-0.5106532243510841,-0.5295958192531456,1,0,1.7170705545128924,0
-0.27614579397037853,2.6253952363515816,1.0762067652292844,1,1,-0.2683646598014946,0
0.9748875975888837,-1.0333279678015284,-0.8769879898475784,1,1,-0.35109112706459406,0
0.6397436828766889,1.5800457494506932,-1.511510423892512,1,1,0.7243529473556989,0
1.3791069756387062,-1.0333279678015284,-1.2740076133840732,1,1,-0.9301763979062903,1
-1.0078340352504376,0.5346962625498046,1.2534476685937908,1,1,1.1379852836711961,0
0.6806772907804682,-1.5560027112519728,0.47004287572267167,1,1,-0.02018525801219625,1
1.0618715143844153,-0.5106532243510841,-0.8521742633765474,1,0,-0.4338175943276935,0
-1.8188311418440697,2.6253952363515816,0.19709188454133164,0,1,-1.261082266958688,0
-1.2304105282272388,1.057371006000249,0.10138179672449801,0,1,-1.5092616687479865,1
-2.107924747664513,2.1027204929011374,0.5444840551357645,1,1,1.634344087249793,0
-0.29661259792226824,0.5346962625498046,-0.91952580665506,1,0,-0.02018525801219625,1
0.7139358472022888,0.5346962625498046,1.2711717589302414,1,1,-0.6819969961169919,0
1.5172579023139623,0.5346962625498046,-0.6572092696755902,1,0,-0.2683646598014946,0
0.05643977024783019,-1.0333279678015284,0.6791871416927892,0,1,0.22799414377710212,1
1.6451754270132732,2.6253952363515816,-1.674572054987858,1,1,0.47617354556640046,1
-1.4325202172521505,0.5346962625498046,-0.4374305495036021,1,1,-1.4265352014848869,0
-1.7625474309763731,-1.5560027112519728,-0.5083269108494047,1,1,0.0625412092509032,0
-0.07659445543945338,0.012021519099360289,0.15809888580114018,1,1,0.22799414377710212,0
0.37367523150212173,0.5346962625498046,-1.4796070612869008,1,1,1.5516176199866933,0
-0.05356930099357725,-0.5106532243510841,1.012400040018062,0,1,-0.9301763979062903,0
-2.1360666030983615,0.5346962625498046,-0.9762428957317022,1,0,-1.591988136011086,0
-0.11241136235526025,-0.5106532243510841,0.6189252345488573,0,1,1.5516176199866933,0
-1.355769702432564,0.012021519099360289,1.0584826748928335,1,1,-1.261082266958688,0
0.6653271878165511,-0.5106532243510841,0.22190561101236259,1,1,-0.2683646598014946,0
0.35576677804421775,-1.5560027112519728,0.8422487727881354,1,0,-0.35109112706459406,0
-0.9822505303105754,0.5346962625498046,0.5692977816067954,1,0,1.3861646854604945,0
-0.5473309463329178,-0.5106532243510841,-0.49769245664753436,1,1,0.14526767651400266,0
-1.1050513540219142,-1.0333279678015284,1.0797515832965745,1,1,0.7243529473556989,0
-0.08426950692141197,-1.0333279678015284,-0.7068367226176522,0,1,-0.02018525801219625,0
0.9569791441309797,0.012021519099360289,0.25380897361797344,1,0,-0.9301763979062903,0
-1.0283008392023276,-1.0333279678015284,0.856428045057296,1,0,-0.6819969961169919,0
0.4964760552134599,0.012021519099360289,-0.41616164109986126,1,1,-0.7647234633800913,0
-0.5626810492968354,-0.5106532243510841,-0.6784781780793311,1,1,-1.0129028651693897,0
-0.8313078511653886,-1.0333279678015284,-0.13612101378394081,0,1,-1.4265352014848869,0
-0.13031981581316388,-0.5106532243510841,1.1116549459021856,0,1,1.468891152723594,0
-1.0794678490820522,3.148069979802026,1.49804011523681,1,0,0.22799414377710212,0
-0.5857062037427111,0.012021519099360289,0.1616437038684303,1,1,1.0552588164080967,0
-1.2457606311911564,0.5346962625498046,0.5657529635395053,1,1,1.468891152723594,0
1.9905527437014132,-0.5106532243510841,1.4058748454872665,1,0,1.634344087249793,1
0.015506162344050795,0.012021519099360289,-1.3874417915373574,0,0,-1.3438087342217875,1
-0.7366488828878983,0.012021519099360289,-0.9266154427896403,1,1,-0.516544061590793,0
0.19970739791105843,-0.5106532243510841,0.7323594127021412,0,0,-1.4265352014848869,1
-0.1354365168011364,1.057371006000249,1.129379036238636,1,1,1.468891152723594,0
-0.24544558804254382,-0.5106532243510841,1.2463580324592103,0,0,-1.0956293324324893,1
0.6090434769488537,0.5346962625498046,-0.2885481906774166,1,0,0.22799414377710212,0
0.7548694551060688,-0.5106532243510841,-1.4193451541429687,0,1,0.5589000128295,1
-0.5626810492968354,-1.5560027112519728,-0.21056219319703365,1,0,0.47617354556640046,0
-0.6087313581885873,1.057371006000249,-0.9301602608569305,1,0,-1.6747146032741853,1
-0.30172929891024075,-0.5106532243510841,-0.7210159948868127,1,1,1.0552588164080967,0
-2.3765515495330662,-1.0333279678015284,0.9521381328741296,1,1,-0.35109112706459406,0
-1.5706711439274064,0.5346962625498046,-1.4689726070850304,1,0,1.3034382181973951,0
1.3791069756387062,1.057371006000249,1.1435583085077965,0,1,1.3861646854604945,1
1.6630838804711774,-1.5560027112519728,-0.24601037386993502,1,1,0.393447078303301,0
-0.27614579397037853,1.057371006000249,0.3388846072329367,1,0,0.22799414377710212,0
0.5706682195390604,-1.0333279678015284,-1.4193451541429687,0,0,1.468891152723594,0
0.2994830671765212,-1.0333279678015284,-0.5579543637914665,0,1,-0.02018525801219625,0
3.1315770640192677,-1.0333279678015284,-1.4193451541429687,1,1,0.7243529473556989,0
1.1258302767340709,-0.5106532243510841,1.6079294753228037,1,1,-0.6819969961169919,0
-0.1507866197650536,0.012021519099360289,1.0726619471619943,1,1,1.3034382181973951,0
-0.997600633274493,-0.5106532243510841,-0.13612101378394081,1,1,-1.5092616687479865,1
-1.6653301122048965,-0.5106532243510841,-0.9549739873279613,0,0,0.8898058818818978,1
0.18691564544112732,-1.5560027112519728,1.5122193875059704,0,1,1.1379852836711961,0
-0.7954909442495813,0.012021519099360289,-0.5331406373204357,1,1,-0.18563819253839517,0
-1.4760121756499163,1.5800457494506932,-1.1712078894326592,0,1,-0.5992705288538924,0
-0.6829235225141879,1.057371006000249,0.22545042907965274,1,0,0.0625412092509032,0
-1.1280765084677902,1.057371006000249,1.5476675681788719,1,1,-0.35109112706459406,0
1.7065758388689427,0.5346962625498046,-1.7171098717953397,0,1,-1.4265352014848869,1
0.8827869798053799,-0.5106532243510841,-0.9053465343858995,1,1,1.5516176199866933,0
-0.027985796053715036,-1.0333279678015284,1.5299434778424212,0,1,-0.18563819253839517,1
1.4942327478680861,0.5346962625498046,-1.135759708759758,1,1,1.3034382181973951,1
0.05899812074181626,1.057371006000249,-1.3378143385952956,0,1,-1.591988136011086,1
-0.9029416649970027,-1.5560027112519728,0.25026415555068326,1,1,-0.516544061590793,1
1.5377247062658523,1.057371006000249,1.2640821227956611,1,1,-1.591988136011086,0
0.5322929621292671,-0.5106532243510841,-0.0723142885727186,1,1,-0.8474499306431909,0
-1.082026199576038,0.012021519099360289,1.7249084715433782,1,1,0.14526767651400266,0
-0.2147453821147091,0.012021519099360289,0.6295596887507278,0,1,-0.9301763979062903,1
-0.9157334174669338,-0.5106532243510841,-1.4725174251523205,1,1,-1.5092616687479865,0
-1.4350785677461366,3.148069979802026,1.717818835408798,1,1,-1.3438087342217875,0
0.9262789382031453,-1.5560027112519728,-0.3133619171484476,1,1,-1.5092616687479865,0
1.9342690328337167,0.5346962625498046,-0.731650449088683,0,0,1.3861646854604945,1
-1.4504286707100542,-1.0333279678015284,0.20772633874320207,1,1,-0.6819969961169919,0
0.5553181165751433,-1.0333279678015284,-0.674933360012041,0,1,1.7170705545128924,0
-0.6854818730081739,-0.5106532243510841,-1.429979608344839,1,1,-0.18563819253839517,1
-0.5191890908990695,1.5800457494506932,-1.72774432599721,0,0,1.5516176199866933,0
-0.6266398116464909,-1.5560027112519728,-0.16802437638955203,1,0,1.1379852836711961,1
-0.9055000154909888,-1.0333279678015284,1.1754616711134076,0,1,0.22799414377710212,0
0.0282979148139819,0.012021519099360289,0.25735379168526357,1,1,0.22799414377710212,1
-0.8696831085751819,1.057371006000249,1.7390877438125387,1,1,-0.35109112706459406,0
0.2559911087787557,-1.5560027112519728,-0.7351952671559732,0,1,1.5516176199866933,1
-0.07147775445148087,0.012021519099360289,-0.756464175559714,1,1,-0.9301763979062903,0
-0.2659123919944335,1.057371006000249,-1.1747527074999493,0,0,-1.591988136011086,0
-0.9489919738887546,-0.5106532243510841,-1.1605734352307888,1,1,0.14526767651400266,0
-0.6112897086825734,0.5346962625498046,-0.7422849032905535,1,0,-1.261082266958688,0
0.7523111046120821,-0.5106532243510841,1.0230344942199323,1,1,-1.591988136011086,0
0.49135935422548777,0.012021519099360289,1.4165092996891369,1,0,-0.02018525801219625,0
-1.0206257877203688,1.057371006000249,1.6575569282648657,0,0,1.1379852836711961,1
0.0820232751876924,-1.0333279678015284,-0.9230706247223501,1,1,0.6416264800925994,1
0.7497527541180959,-0.5106532243510841,1.3314336660741737,0,1,-1.1783557996955887,1
-1.729288874554552,-0.5106532243510841,-0.5898577263970777,1,1,0.6416264800925994,0
0.5348513126232532,0.012021519099360289,-1.3378143385952956,1,1,1.3034382181973951,0
-0.698273625478105,2.6253952363515816,1.292440667333982,1,1,0.14526767651400266,0
0.5629931680571022,1.057371006000249,0.4771325118572519,0,1,0.9725323491449972,0
-0.8006076452375539,1.057371006000249,-1.1605734352307888,1,1,-1.0956293324324893,0
-1.8674398012298081,0.5346962625498046,-0.23892073773535474,1,0,-0.7647234633800913,0
-1.6857969161567865,-1.5560027112519728,-0.731650449088683,0,1,-0.9301763979062903,0
0.0282979148139819,-1.5560027112519728,0.8280695005189749,1,0,-0.516544061590793,0
0.2457577068028107,2.6253952363515816,-0.15738992218768164,1,1,0.22799414377710212,1
-0.9464336233947686,-1.0333279678015284,1.7036395631396375,1,0,0.393447078303301,0
0.6320686313947299,0.5346962625498046,-1.539868968430833,1,1,1.7170705545128924,1
-1.7216138230725935,0.012021519099360289,-0.49769245664753436,1,1,1.468891152723594,0
-0.08682785741539804,-1.0333279678015284,-0.05813501630355805,0,0,-1.5092616687479865,0
-1.2585523836610877,0.012021519099360289,0.01630616310953478,1,1,-1.591988136011086,0
-0.68804022350216,-1.5560027112519728,-0.6323955432045593,0,0,-1.261082266958688,0
0.0282979148139819,-0.5106532243510841,0.8032557740479439,1,1,-0.02018525801219625,0
-0.9003833145030167,-0.5106532243510841,1.3066199396031426,1,1,-1.0129028651693897,0
-0.4142967206456346,0.012021519099360289,1.5299434778424212,1,1,-0.9301763979062903,0
1.010704504504691,-1.0333279678015284,1.065572311027414,1,0,1.2207117509342955,0
-0.6112897086825734,-1.5560027112519728,1.2250891240554695,0,1,-1.5092616687479865,1
0.8341783204196416,-1.5560027112519728,0.18291261227217112,1,0,1.634344087249793,0
-1.1766851678535284,-1.0333279678015284,1.1364686723732162,1,0,0.22799414377710212,0
0.5220595601533221,1.057371006000249,-0.6784781780793311,0,1,0.0625412092509032,1
1.4558574904582928,-0.5106532243510841,-0.3452652797540586,1,1,-0.5992705288538924,1
-2.550519383124129,0.012021519099360289,-0.6288507251372691,1,0,1.7170705545128924,0
-0.8364245521533611,0.012021519099360289,-0.10776246924561975,1,1,0.47617354556640046,0
0.5706682195390604,-1.0333279678015284,-0.7387400852232634,0,1,0.9725323491449972,0
-0.2275371345846402,-0.5106532243510841,1.6079294753228037,1,1,0.0625412092509032,0
0.3583251285382046,-0.5106532243510841,-0.6430299974064297,0,1,0.6416264800925994,0
-0.639431564116422,0.012021519099360289,-1.3909866096046475,0,1,-0.18563819253839517,1
0.06923152271776128,0.012021519099360289,0.09783697865720788,0,1,-0.18563819253839517,0
-0.17892847519890223,-1.5560027112519728,-1.5327793322962528,0,0,-1.261082266958688,0
1.1744389361198084,0.5346962625498046,-1.348448792797166,0,1,-0.18563819253839517,1
0.2406410058148378,-0.5106532243510841,-0.969153259597122,1,1,-0.6819969961169919,0
0.3250665721163834,1.057371006000249,-0.11839692344749014,1,0,0.393447078303301,0
-0.4424385760794829,-0.5106532243510841,-0.2247414654661942,0,0,0.0625412092509032,0
-0.5191890908990695,2.1027204929011374,1.0478482206909632,0,0,-0.02018525801219625,1
-0.4629053800313726,0.012021519099360289,0.8387039547208452,1,1,1.2207117509342955,0
0.38390863347806675,2.1027204929011374,-0.24955519193722514,1,0,-1.591988136011086,0
-0.4501136275614415,0.012021519099360289,-0.5721336360606271,0,1,0.7243529473556989,1
0.2764579127306451,0.012021519099360289,-0.6323955432045593,0,1,0.47617354556640046,1
2.103120165436807,0.5346962625498046,0.9592277690087099,0,1,-1.1783557996955887,1
0.8699952273354488,0.5346962625498046,-1.5505034226327035,0,1,-0.1029117252752957,1
-0.3528963087899652,0.012021519099360289,-1.6852065091897284,0,0,0.8070794146187983,1
1.2076974925416297,-1.0333279678015284,1.0336689484218027,1,1,0.14526767651400266,0
-0.4373218750915104,-0.5106532243510841,-0.0723142885727186,0,0,-0.6819969961169919,0
-2.1053663971705268,0.5346962625498046,-1.2775524314513633,1,0,-0.35109112706459406,1
-1.0513259936482036,-1.5560027112519728,-0.9124361705204798,0,1,-1.4265352014848869,0
-1.9339569140734496,-1.0333279678015284,1.5086745694386803,1,1,-0.5992705288538924,0
-0.3810381642238135,0.012021519099360289,1.2534476685937908,1,1,-0.1029117252752957,0
-0.0024022911138528256,0.012021519099360289,0.7359042307694313,1,1,-0.6819969961169919,0
1.6963424368929978,-0.5106532243510841,-0.05459019823626792,1,1,-1.5092616687479865,0
0.3148331701404384,0.012021519099360289,0.07656807025346707,1,0,0.393447078303301,0
-0.24544558804254382,2.6253952363515816,1.6575569282648657,1,1,0.393447078303301,0
0.8290616194316687,-1.5560027112519728,1.6221087475919642,1,1,-0.2683646598014946,1
-2.2818925812555757,0.012021519099360289,-0.9833325318662824,1,0,0.8898058818818978,0
0.22017420186294848,-1.5560027112519728,1.0868412194311547,1,1,-0.5992705288538924,0
0.767661207576,0.5346962625498046,-1.0471392570775047,1,0,-1.5092616687479865,0
-1.532295886517613,0.012021519099360289,-0.9904221680008627,1,1,-1.6747146032741853,0
1.1514137816739332,0.012021519099360289,0.6189252345488573,1,1,0.393447078303301,0
0.3250665721163834,-0.5106532243510841,-0.32399637135031795,0,1,0.22799414377710212,1
-0.444996926573469,0.5346962625498046,1.5051297513713902,0,1,1.1379852836711961,0
0.6269519304067578,0.012021519099360289,-1.4228899722102588,1,1,-0.5992705288538924,0
2.3026715039677326,-1.0333279678015284,0.04466470764785586,0,0,-1.5092616687479865,1
0.1664488414892376,1.5800457494506932,1.4590471164966186,1,1,-0.6819969961169919,0
0.2329659543328796,0.5346962625498046,1.4094196635545566,0,0,-0.5992705288538924,1
-0.4910472354652213,-1.0333279678015284,-1.1889319797691098,1,1,-0.02018525801219625,0
-0.8901499125270717,2.1027204929011374,-0.4586994579073429,1,1,0.393447078303301,0
0.8290616194316687,-1.5560027112519728,0.4204154227806098,1,1,-1.5092616687479865,1
-0.8952666135150441,0.012021519099360289,-1.1782975255672394,1,0,1.5516176199866933,1
0.05388141975384411,0.012021519099360289,1.6327432017938346,1,1,-1.4265352014848869,0
-0.5089556889231245,-1.5560027112519728,1.4448678442274578,1,1,1.2207117509342955,0
0.4708925502735977,-0.5106532243510841,-1.1499389810289187,1,0,-1.6747146032741853,0
0.3199498711284112,-0.5106532243510841,-1.3094557940569744,0,1,1.5516176199866933,0
1.0414047104325252,1.057371006000249,-1.4335244264121292,1,0,0.9725323491449972,1
-0.5422142453449457,0.012021519099360289,1.4271437538910072,1,1,-1.1783557996955887,0
-0.29661259792226824,0.012021519099360289,-1.057773711279375,1,0,-0.8474499306431909,0
-1.0231841382143552,-1.5560027112519728,-0.2850033726101265,1,0,0.47617354556640046,0
-0.47569713250130374,1.057371006000249,-0.17156919445684218,1,0,-0.5992705288538924,1
0.36600018002016277,-0.5106532243510841,0.34951906143480704,0,1,0.0625412092509032,0
0.7548694551060688,-0.5106532243510841,-1.483151879354191,0,1,-0.4338175943276935,1
-0.9643420768526721,-0.5106532243510841,-0.944339533126091,1,0,-0.7647234633800913,0
0.8699952273354488,0.012021519099360289,1.5051297513713902,1,1,-0.9301763979062903,0
1.366315223168775,1.057371006000249,1.423598935823717,1,1,0.22799414377710212,0
0.40181708693597,1.5800457494506932,0.9840414954797408,0,0,-0.2683646598014946,0
1.9010104764118954,-1.0333279678015284,-1.6639376007859876,1,1,0.0625412092509032,0
-0.8133993977074849,-0.5106532243510841,-0.5969473625316579,1,1,-1.0129028651693897,0
-1.2943692905768944,-0.5106532243510841,0.4487739673189308,1,1,-0.35109112706459406,0
-1.8392979457959597,0.012021519099360289,-0.7741882658961645,0,1,1.3861646854604945,1
1.509582850832004,0.012021519099360289,1.4271437538910072,0,1,1.5516176199866933,1
0.6499770848526332,-0.5106532243510841,0.47004287572267167,0,0,-0.6819969961169919,0
-0.07659445543945338,0.5346962625498046,-1.483151879354191,0,1,1.3034382181973951,1
0.2662245107547,0.5346962625498046,1.4271437538910072,0,0,-1.261082266958688,0
-1.171568466865556,0.012021519099360289,1.5972950211209334,0,0,-0.02018525801219625,0
2.481756038546768,2.1027204929011374,-1.4618829709504502,1,0,1.2207117509342955,0
0.11272348111552712,0.012021519099360289,0.11910588706094868,1,1,-1.1783557996955887,0
0.09225667716363743,-0.5106532243510841,-0.6784781780793311,1,0,1.2207117509342955,0
0.7216108986842477,0.5346962625498046,-0.36653418815779937,0,1,0.3107206110402016,1
0.4708925502735977,2.6253952363515816,-1.107401164221437,1,1,-0.8474499306431909,0
0.20994079988700345,0.5346962625498046,0.27862270008900436,1,0,-0.5992705288538924,0
-0.8287495006714022,-1.0333279678015284,1.5972950211209334,0,1,0.6416264800925994,1
0.4632174987916395,0.5346962625498046,0.01630616310953478,1,0,-0.9301763979062903,1
1.9061271773998683,-1.0333279678015284,-1.4441588806139996,0,1,-1.3438087342217875,1
1.3560818211928307,-1.0333279678015284,0.4239602408478999,1,0,-1.0956293324324893,1
1.609358520097466,0.5346962625498046,-0.5508647276568862,1,1,-1.3438087342217875,0
-0.5422142453449457,-1.0333279678015284,1.2428132143919202,1,0,0.22799414377710212,0
-1.0334175401902999,0.5346962625498046,-0.22119664739890407,1,1,1.5516176199866933,1
-0.1482282692710675,-1.5560027112519728,-1.0613185293466652,1,1,0.393447078303301,0
0.03597296629594049,-0.5106532243510841,-1.0684081654812454,1,1,-1.261082266958688,0
1.1002467717942086,-0.5106532243510841,0.937958860604969,1,1,-0.4338175943276935,0
-1.7523140290004282,-1.0333279678015284,-0.8096364465690659,0,1,1.2207117509342955,0
1.5453997577478105,1.057371006000249,0.9344140425376789,0,1,-0.7647234633800913,1
-0.1814868256928883,-1.0333279678015284,-1.0152358944718938,1,1,-0.8474499306431909,0
-0.4577886790434001,-1.5560027112519728,-0.6146714528681086,1,1,-1.5092616687479865,1
-1.056442694636176,0.5346962625498046,-0.11485210538020002,1,1,1.3034382181973951,1
-1.713938771590635,-1.0333279678015284,1.5441227501115817,0,0,-1.261082266958688,1
0.8213865679497104,0.5346962625498046,1.5051297513713902,1,0,-0.18563819253839517,1
0.05388141975384411,-1.5560027112519728,-1.0116910764046034,0,0,-0.2683646598014946,1
-1.3404195994686463,0.5346962625498046,-0.487058002445664,1,0,-0.4338175943276935,0
-1.345536300456619,0.5346962625498046,-1.2137457062401409,1,1,0.14526767651400266,0
-0.3631297107659102,0.5346962625498046,0.04111988958056572,1,1,1.3034382181973951,0
1.6886673854110394,2.1027204929011374,-0.1325761957166507,0,1,-1.0129028651693897,1
-0.2863791959463236,0.012021519099360289,1.3987852093526862,1,0,-1.5092616687479865,0
-1.5578793914574753,0.5346962625498046,1.49804011523681,1,0,-1.0956293324324893,0
-0.271029092982406,1.057371006000249,-0.3984375507634106,1,1,1.3861646854604945,0
-0.2991709484162547,0.5346962625498046,-0.022686835630656706,1,1,-1.4265352014848869,0
-2.780770927582889,0.012021519099360289,1.3810611190162354,1,1,-0.7647234633800913,0
-0.07659445543945338,-1.0333279678015284,1.0726619471619943,1,1,0.8070794146187983,0
-0.25567899001848887,1.5800457494506932,-1.7171098717953397,1,1,0.3107206110402016,0
0.6909106927564133,-1.0333279678015284,-0.6182162709353988,0,1,-0.4338175943276935,1
1.8728686209780472,0.012021519099360289,-0.2672792822736758,1,0,1.7170705545128924,1
1.133505328216029,-0.5106532243510841,-0.9337050789242206,1,1,-0.5992705288538924,1
-0.29661259792226824,0.012021519099360289,-1.0365048028756345,0,0,-0.6819969961169919,0
-1.1536600134076522,0.5346962625498046,-1.6001308755747654,0,0,1.634344087249793,1
2.6122319137400654,-1.0333279678015284,0.505491056395573,1,0,-1.1783557996955887,0
0.04108966728391301,1.5800457494506932,-0.8202709007709362,0,0,-0.7647234633800913,1
-0.004960641607839264,-1.0333279678015284,-1.5505034226327035,1,0,1.3034382181973951,1
-0.045894249511618655,0.5346962625498046,-0.9301602608569305,0,0,-1.4265352014848869,0
0.18179894445315517,-1.5560027112519728,1.0549378568255434,1,0,-1.591988136011086,1
-0.16869507322295718,-0.5106532243510841,1.2250891240554695,1,1,1.1379852836711961,0
-0.6061730076946013,-1.5560027112519728,-0.05459019823626792,1,0,-1.5092616687479865,0
-0.580589502754739,0.012021519099360289,-0.2850033726101265,1,0,-1.4265352014848869,0
-0.05356930099357725,0.5346962625498046,1.664646564399446,1,0,1.3861646854604945,0
-0.5754728017667665,0.5346962625498046,-1.0329599848083444,1,0,-0.7647234633800913,1
-0.7494406353578295,-0.5106532243510841,-0.9833325318662824,0,1,-0.18563819253839517,0
0.08969832666965098,0.012021519099360289,-0.7174711768195225,0,1,-0.9301763979062903,0
-0.28126249495835104,0.012021519099360289,-1.1322148906924678,0,1,-1.6747146032741853,0
1.5198162528079484,2.6253952363515816,-0.41261682303257113,1,1,-0.35109112706459406,1
-2.732162268197151,0.5346962625498046,1.4342333900255875,0,0,-0.4338175943276935,0
1.0976884213002218,0.5346962625498046,0.40623615051144923,0,1,-1.0129028651693897,1
1.2537478014333818,1.5800457494506932,-0.29918264487928703,1,1,-1.0129028651693897,0
-2.1411833040863333,-0.5106532243510841,1.5157642055732605,1,1,-1.0129028651693897,0
-0.3708047622478688,-1.0333279678015284,-1.564682694901864,1,1,-0.7647234633800913,0
-0.4015049681757035,1.5800457494506932,-1.001056622202733,0,0,1.634344087249793,1
-1.460662072685999,1.5800457494506932,0.23608488328152274,0,0,-0.516544061590793,0
-0.815957748201471,0.5346962625498046,0.40623615051144923,1,1,-1.591988136011086,0
-1.1562183639016388,1.057371006000249,-1.5930412394401852,0,1,-0.8474499306431909,0
1.7730929517125844,0.5346962625498046,-0.331086007484898,1,1,-0.8474499306431909,0
0.9365123401790904,-1.0333279678015284,0.5232151467320236,1,1,-1.0956293324324893,1
1.2818896568672302,0.5346962625498046,0.6933664139619498,1,1,0.8898058818818978,1
0.7190525481902615,1.5800457494506932,0.48422214799183216,0,0,-1.261082266958688,0
-1.1766851678535284,1.057371006000249,-0.6182162709353988,1,1,-0.1029117252752957,1
-0.5575643483088628,-1.0333279678015284,-1.4051658818738082,1,1,1.468891152723594,1
0.48112595224954274,1.057371006000249,-0.24601037386993502,1,1,1.1379852836711961,1
-1.2713441361310187,-0.5106532243510841,-1.2846420675859436,1,0,-1.0956293324324893,1
0.7088191462143165,0.5346962625498046,1.561846840448032,0,0,1.0552588164080967,0
-0.2659123919944335,0.012021519099360289,-0.07940392470729886,0,0,-0.18563819253839517,0
-0.4040633186696896,-1.0333279678015284,-0.6288507251372691,1,1,-1.1783557996955887,0
0.7062607957203305,0.5346962625498046,0.9308692244703888,1,0,0.8070794146187983,0
0.4350756433577912,1.057371006000249,-0.0014179272269158965,1,1,-0.2683646598014946,0
-0.38871321570577244,1.057371006000249,-0.6536644516083001,1,1,1.5516176199866933,0
1.1667638846378503,-0.5106532243510841,1.0903860374984449,1,1,-0.5992705288538924,0
-1.125518157973804,0.012021519099360289,1.2818062131321117,1,1,1.468891152723594,0
0.6090434769488537,0.012021519099360289,0.6082907803469869,1,0,1.2207117509342955,0
0.5860183225029777,0.5346962625498046,-1.568227512969154,0,0,-0.35109112706459406,0
-0.337546205826048,-1.0333279678015284,0.23608488328152274,1,1,1.3034382181973951,0
0.3122748196464523,-1.5560027112519728,0.9202347702685184,0,0,-1.0129028651693897,0
-1.2994859915648669,-1.5560027112519728,-1.2562835230476224,1,0,-0.1029117252752957,0
0.9262789382031453,1.5800457494506932,-0.9372498969915107,1,0,0.5589000128295,0
-0.20962868112673694,1.5800457494506932,1.3349784841414638,1,1,-0.1029117252752957,0
-0.5550059978148768,0.5346962625498046,-1.6603927827186975,0,1,1.634344087249793,0
1.0541964629024565,0.5346962625498046,0.8847865895956171,1,1,1.2207117509342955,0
-0.7417655838758709,-1.0333279678015284,-0.08649356084187913,0,0,0.47617354556640046,0
-1.460662072685999,-1.5560027112519728,-0.17865883059142243,1,1,-1.0956293324324893,1
-1.6141631023251721,1.057371006000249,-1.706475417593469,0,1,0.8898058818818978,1
0.5988100749729087,-0.5106532243510841,1.1151997639694753,1,1,-1.6747146032741853,0
-1.3301861974927016,-0.5106532243510841,-0.4799683663110837,1,1,-0.35109112706459406,0
1.7756513022065705,-0.5106532243510841,0.14746443159926978,1,0,-1.0129028651693897,0
-2.1514167060622786,-1.0333279678015284,0.6224700526161474,1,0,-0.1029117252752957,0
1.7168092408448878,0.012021519099360289,0.7110905042984004,0,0,0.8898058818818978,1
0.19459069692308628,-0.5106532243510841,1.590205384986353,0,0,-1.591988136011086,0
-0.12008641383721921,1.5800457494506932,0.11556106899365855,1,1,0.8898058818818978,0
-0.5780311522607525,0.012021519099360289,-0.34172046168676845,1,1,-1.0129028651693897,0
0.38902533446603893,-0.5106532243510841,1.5831157488517729,0,1,0.7243529473556989,0
-0.05868600198154976,0.5346962625498046,0.4984014202609927,1,1,-0.1029117252752957,0
1.107921823276167,-1.0333279678015284,-0.6962022684157817,1,1,1.3861646854604945,1
0.09737337815160958,0.012021519099360289,-1.2917317037205238,0,0,-1.6747146032741853,1
0.1331902850674168,-0.5106532243510841,1.1967305795171486,0,1,-1.3438087342217875,0
-0.3912715661997585,0.5346962625498046,-0.47287873017650345,0,0,1.1379852836711961,1
-0.07915280593343946,-1.0333279678015284,0.5622081454722152,1,1,1.2207117509342955,0
0.29436636618854906,1.057371006000249,-0.09712801504374954,1,1,-1.6747146032741853,1
-1.7702224824583315,-0.5106532243510841,-1.0400496209429246,1,1,-0.5992705288538924,0
-1.3992616608303297,0.012021519099360289,0.36015351563667747,1,1,-1.0129028651693897,0
0.7395193521421509,0.5346962625498046,-1.5221448780943823,0,1,0.7243529473556989,0
0.15365708901930653,0.012021519099360289,-0.2956378268119969,1,1,0.22799414377710212,0
-0.20962868112673694,0.012021519099360289,0.16873334000301057,1,1,-1.4265352014848869,0
-0.0024022911138528256,-1.0333279678015284,-0.21765182933161392,0,1,-0.5992705288538924,0
0.3352999740923284,-0.5106532243510841,0.8706073173264565,1,1,0.3107206110402016,0
-0.5729144512727801,-1.0333279678015284,1.1435583085077965,1,0,-1.4265352014848869,1
-0.815957748201471,-1.5560027112519728,0.9485933148068395,1,0,0.3107206110402016,0
0.17924059395916872,-0.5106532243510841,-1.5965860575074753,1,1,-0.9301763979062903,0
-1.0206257877203688,0.012021519099360289,-1.057773711279375,0,0,1.1379852836711961,0
0.3967003859479979,0.012021519099360289,0.13328515933010923,0,0,-1.1783557996955887,0
-1.7625474309763731,1.5800457494506932,1.5157642055732605,1,0,1.7170705545128924,0
1.0337296589505662,-1.0333279678015284,1.1683720349788274,0,1,-0.6819969961169919,1
0.4632174987916395,0.5346962625498046,1.1967305795171486,1,1,-1.4265352014848869,0
0.2406410058148378,2.1027204929011374,-0.6784781780793311,1,0,1.2207117509342955,0
0.9851209995648287,2.6253952363515816,-0.23892073773535474,1,1,-0.5992705288538924,1
1.6835506844230665,-1.0333279678015284,-0.09712801504374954,1,0,-0.2683646598014946,1
1.018379555986649,0.012021519099360289,-1.1853871617018197,1,0,-1.0956293324324893,1
-1.9032567081456153,0.012021519099360289,-1.6249446020457963,1,1,0.8898058818818978,0
-1.3301861974927016,1.057371006000249,1.5583020223807418,1,1,0.47617354556640046,0
-0.6598983680683117,0.5346962625498046,-0.894712080184029,0,1,1.7170705545128924,1
0.005272760368105765,-1.5560027112519728,-0.8982568982513193,0,1,1.3034382181973951,0
0.509267807683391,-1.0333279678015284,-1.4406140625467094,1,1,0.14526767651400266,0
-0.7622323878277606,1.057371006000249,1.4944952971695198,0,1,-1.1783557996955887,0
0.17156554247721012,0.5346962625498046,0.2821675181562945,0,1,-0.7647234633800913,0
-0.7929325937555953,0.012021519099360289,0.5870218719432461,0,1,0.3107206110402016,0
-0.6471066155983806,0.5346962625498046,1.4342333900255875,1,0,-1.5092616687479865,0
-1.460662072685999,0.012021519099360289,-0.5295958192531456,1,1,0.393447078303301,0
-0.9643420768526721,0.012021519099360289,0.42750505891519003,0,0,-1.4265352014848869,1
-1.404378361818302,-1.5560027112519728,-1.5965860575074753,1,0,1.7170705545128924,0
-1.0180674372263827,2.1027204929011374,-1.0825874377504061,1,1,1.2207117509342955,0
1.0567548133964424,-1.0333279678015284,1.157737580776957,0,0,-0.516544061590793,1
-0.9924839322865204,0.012021519099360289,0.9308692244703888,1,1,0.8898058818818978,0
2.6736323255957344,1.5800457494506932,-0.511871728916695,1,0,0.6416264800925994,0
0.4836843027435288,1.057371006000249,-0.42325127723444156,1,1,-0.9301763979062903,0
0.16900719198322406,-0.5106532243510841,0.12265070512823882,1,1,-0.02018525801219625,0
-0.8978249640090302,0.5346962625498046,-1.7312891440645002,0,1,-0.4338175943276935,1
0.6960273937443855,0.5346962625498046,-0.894712080184029,1,1,-0.18563819253839517,0
-0.6087313581885873,-0.5106532243510841,-1.0081462583373133,0,1,0.6416264800925994,0
0.10504842963356853,-0.5106532243510841,-0.8628087175784179,1,1,-0.2683646598014946,0
2.599440161270134,0.5346962625498046,1.0691171290947041,1,1,-0.4338175943276935,0
-0.11752806334323278,-1.5560027112519728,-0.7600089936270041,1,1,-1.6747146032741853,0
1.1565304826619052,0.012021519099360289,-1.0648633474139553,0,1,-1.591988136011086,1
-0.7392072333818844,-1.0333279678015284,0.019850981176824913,1,1,-0.516544061590793,0
-0.056127651487563684,-1.5560027112519728,1.2747165769975315,1,1,1.468891152723594,0
1.7910014051704883,-1.0333279678015284,-0.8911672621167389,1,1,0.5589000128295,0
-0.6624567185622978,0.012021519099360289,-1.45833815288316,1,0,-1.6747146032741853,1
1.8344933635682539,0.012021519099360289,-0.49414763858024424,1,1,-1.3438087342217875,0
0.7037024452263444,-1.0333279678015284,0.8670624992591663,1,0,1.7170705545128924,0
-0.5959396057186562,2.6253952363515816,0.18291261227217112,1,1,0.0625412092509032,0
0.6269519304067578,0.012021519099360289,1.1045653097676054,1,0,1.2207117509342955,0
0.9748875975888837,0.5346962625498046,1.6008398391882235,1,1,-0.6819969961169919,0
0.6167185284308128,0.012021519099360289,1.0230344942199323,1,1,-1.6747146032741853,0
-1.6269548547951032,-0.5106532243510841,0.3672431517712577,0,1,-0.4338175943276935,1
-0.7647907383217466,1.057371006000249,-0.01914201756336657,1,1,1.634344087249793,0
-0.27358744347639247,0.5346962625498046,-1.5930412394401852,1,1,0.0625412092509032,0
-0.09706125939134308,0.5346962625498046,1.6894602908704768,0,1,0.8898058818818978,0
0.6141601779368266,0.012021519099360289,-0.3984375507634106,1,0,-0.4338175943276935,1
0.1613321405012651,0.012021519099360289,-1.2031112520382705,1,1,-0.516544061590793,0
-1.3864699083603986,-0.5106532243510841,0.5834770538759559,1,1,1.7170705545128924,0
0.3685585305141489,-1.5560027112519728,-0.7422849032905535,1,0,-0.7647234633800913,0
0.6039267759608816,-1.5560027112519728,0.30343642656003533,0,1,-1.6747146032741853,0
0.5527597660811572,0.5346962625498046,0.30698124462732546,0,0,-0.35109112706459406,1
1.0848966688302908,1.057371006000249,-0.18220364865871258,1,1,1.634344087249793,0
0.8341783204196416,1.057371006000249,1.1719168530461175,0,0,0.5589000128295,0
0.4504257463217084,-0.5106532243510841,-0.8096364465690659,0,1,-1.1783557996955887,1
-0.09194455840337057,1.057371006000249,-0.17156919445684218,1,0,-1.0129028651693897,0
-1.719055472578607,0.5346962625498046,0.13682997739739935,1,0,0.0625412092509032,0
0.4197255403938733,1.057371006000249,0.5728425996740856,1,1,0.393447078303301,0
0.1920323464291002,-1.5560027112519728,0.9911311316143211,1,1,-0.7647234633800913,0
0.2585494592727418,-0.5106532243510841,-0.3594445520232191,0,1,-1.1783557996955887,0
-1.3276278469987153,-0.5106532243510841,0.5125806925301533,0,0,-0.516544061590793,0
-1.125518157973804,1.057371006000249,-1.2066560701055606,1,1,1.3861646854604945,0
1.0567548133964424,-1.0333279678015284,1.5086745694386803,1,1,-0.02018525801219625,0
-0.061244352475535835,2.6253952363515816,-0.40198236883070076,0,1,-0.5992705288538924,1
0.6781189402864822,0.012021519099360289,0.8032557740479439,1,1,-1.591988136011086,0
0.007831110862091841,-0.5106532243510841,-1.6603927827186975,0,1,-1.0956293324324893,0
0.01038946135607828,0.5346962625498046,-1.018780712539184,1,0,-1.261082266958688,0
0.9390706906730765,0.5346962625498046,-0.04041092596710738,0,1,1.3034382181973951,1
-0.5473309463329178,-1.0333279678015284,1.3207992118723033,0,0,1.3034382181973951,1
0.07690657419971988,-0.5106532243510841,0.10138179672449801,0,1,0.9725323491449972,0
-0.49360558595920734,0.5346962625498046,1.49804011523681,1,1,1.634344087249793,0
-0.46546373052535905,0.012021519099360289,-0.051045380168977784,1,1,-1.261082266958688,0
-0.337546205826048,-0.5106532243510841,-0.02623165369794684,1,1,0.393447078303301,1
0.20738244939301737,-1.5560027112519728,-1.3165454301915547,1,0,1.468891152723594,0
-0.5089556889231245,0.012021519099360289,1.0584826748928335,1,0,1.634344087249793,0
1.2639812034093263,-1.0333279678015284,-0.8734431717802883,0,1,1.3034382181973951,1
-0.9362002214188235,2.1027204929011374,1.3952403912853961,1,1,-0.5992705288538924,0
-0.21218703162072303,1.5800457494506932,1.4342333900255875,1,1,1.3034382181973951,0
-0.4705804315133312,0.5346962625498046,1.5441227501115817,1,0,-1.0956293324324893,0
1.4609741914462657,-1.0333279678015284,0.07656807025346707,0,0,1.468891152723594,1
0.18179894445315517,0.012021519099360289,0.6224700526161474,1,0,-0.6819969961169919,0
1.0362880094445532,1.057371006000249,0.9734070412778704,0,1,-0.6819969961169919,1
-1.5399709379995716,-0.5106532243510841,-1.2775524314513633,1,1,1.5516176199866933,0
0.2534327582847689,-1.0333279678015284,0.35660869756938735,0,1,0.5589000128295,0
0.8904620312873381,0.5346962625498046,-1.6107653297766358,1,1,-0.2683646598014946,1
0.06411482172978877,0.5346962625498046,-0.0014179272269158965,1,1,-0.18563819253839517,0
1.0695465658663736,0.5346962625498046,-1.1924767978364,1,1,1.3861646854604945,0
-0.5498892968269042,0.5346962625498046,-1.0967667100195666,1,1,0.8898058818818978,0
1.4225989340364724,1.057371006000249,-0.462244275974633,1,0,0.0625412092509032,1
2.333371709895567,0.012021519099360289,-0.22828628353348432,1,0,-1.591988136011086,0
-0.3912715661997585,-1.5560027112519728,0.4345946950497703,1,1,-0.6819969961169919,0
-0.47569713250130374,1.057371006000249,-1.4725174251523205,1,1,0.14526767651400266,0
1.4660908924342377,0.5346962625498046,0.019850981176824913,1,1,0.3107206110402016,0
1.596566767627535,1.057371006000249,-1.0967667100195666,0,0,0.5589000128295,1
-0.5550059978148768,1.057371006000249,0.2608986097525537,1,0,-0.8474499306431909,0
-0.4501136275614415,-1.0333279678015284,0.48422214799183216,1,0,0.9725323491449972,0
-0.3094043503921993,-1.0333279678015284,0.20418152067591192,1,0,0.22799414377710212,0
-1.3967033103363433,-0.5106532243510841,0.8351591366535551,1,1,-1.591988136011086,0
-0.9592253758646997,1.057371006000249,-0.5650439999260467,1,1,0.7243529473556989,0
-1.0487676431542174,0.012021519099360289,0.9273244064030987,0,1,-0.35109112706459406,0
-0.8057243462255264,-0.5106532243510841,-0.22828628353348432,0,1,1.5516176199866933,1
-0.056127651487563684,-0.5106532243510841,-0.04750056210168765,0,0,1.0552588164080967,0
0.22017420186294848,-0.5106532243510841,0.5196703286647335,1,1,1.3861646854604945,0
1.5658665616997005,0.012021519099360289,-1.6674824188532777,1,1,0.0625412092509032,0
-1.0410925916722589,-1.0333279678015284,0.5409392370684744,1,1,-1.3438087342217875,1
0.9876793500588148,0.012021519099360289,0.4168706047133196,1,0,1.5516176199866933,0
-0.2403288870545713,0.012021519099360289,-0.6536644516083001,0,1,-0.4338175943276935,0
-0.07147775445148087,1.057371006000249,-1.4335244264121292,1,0,-0.6819969961169919,0
0.6704438888045232,-1.0333279678015284,-1.4158003360756786,1,1,0.393447078303301,0
-1.1690101163715698,-1.5560027112519728,1.4767712068330692,1,1,0.8070794146187983,0
0.37111688100813567,0.5346962625498046,0.6614630513563389,1,1,1.468891152723594,0
0.15109873852532044,0.5346962625498046,-1.2881868856532337,1,0,0.14526767651400266,0
0.4836843027435288,1.057371006000249,-0.4906028205129541,1,1,-0.7647234633800913,0
0.2764579127306451,1.057371006000249,0.32825015303106625,1,0,-0.5992705288538924,0
2.4919894405227123,-1.5560027112519728,1.1719168530461175,0,1,-0.2683646598014946,1
-0.6726901205382428,-0.5106532243510841,-1.5788619671710244,0,1,0.47617354556640046,0
-0.5626810492968354,-0.5106532243510841,-0.9088913524531896,1,0,0.5589000128295,0
-0.6573400175743256,1.5800457494506932,1.3597922106124947,1,1,-0.2683646598014946,0
-0.5882645542366975,1.057371006000249,-1.6993857814588889,1,1,-0.4338175943276935,1
-0.6726901205382428,-0.5106532243510841,-1.0329599848083444,1,0,-0.4338175943276935,1
1.1974640905656846,0.012021519099360289,1.6008398391882235,1,1,-0.6819969961169919,0
1.4328323360124173,-1.5560027112519728,0.39914651437686893,0,0,0.6416264800925994,0
-0.6036146572006148,0.012021519099360289,-0.8238157188382264,1,1,-1.0129028651693897,0
-0.872241459069168,0.012021519099360289,-1.4973311516233514,1,1,0.393447078303301,0
0.4632174987916395,-1.5560027112519728,-1.6320342381803765,0,1,0.5589000128295,1
-0.5857062037427111,-1.0333279678015284,-0.8805328079148685,1,0,1.634344087249793,1
0.6269519304067578,1.057371006000249,1.3314336660741737,1,1,-0.6819969961169919,0
0.18691564544112732,0.012021519099360289,-0.2850033726101265,1,0,1.2207117509342955,0
-1.5706711439274064,-1.0333279678015284,0.7713524114423327,1,0,-1.0129028651693897,0
1.5633082112057146,1.5800457494506932,1.4590471164966186,1,1,-0.5992705288538924,0
1.8165849101103506,0.5346962625498046,-0.3133619171484476,1,1,-0.7647234633800913,0
-0.6471066155983806,0.012021519099360289,-1.0684081654812454,1,1,0.8898058818818978,1
-0.4168550711396207,1.057371006000249,0.06593361605159667,1,1,1.3861646854604945,0
0.2713412117426729,1.5800457494506932,1.423598935823717,0,1,-1.5092616687479865,1
0.32250822162239734,-0.5106532243510841,1.0620274929601237,1,0,-0.4338175943276935,0
0.65253543534662,0.5346962625498046,-1.5008759696906415,0,0,-0.1029117252752957,1
2.0366030525931653,1.057371006000249,0.675642323625499,0,0,0.8898058818818978,1
-0.201953629644778,-1.0333279678015284,0.25380897361797344,1,0,0.14526767651400266,0
-0.8364245521533611,0.5346962625498046,1.420054117756427,0,0,-0.35109112706459406,0
-1.4325202172521505,-1.0333279678015284,-1.3059109759896843,1,1,-0.4338175943276935,1
-0.767349088815733,-0.5106532243510841,0.12265070512823882,0,0,1.3861646854604945,1
-0.05356930099357725,-1.5560027112519728,1.3243440299395934,1,0,-1.0956293324324893,0
1.8165849101103506,-1.0333279678015284,-0.3062722810138673,0,1,-0.18563819253839517,1
-0.5498892968269042,-0.5106532243510841,-0.05813501630355805,0,0,0.7243529473556989,1
0.20994079988700345,-0.5106532243510841,-1.486696697421481,0,1,1.0552588164080967,0
-0.03821919802966006,1.057371006000249,-0.7635538116942943,1,0,-0.5992705288538924,1
1.1949057400716985,-1.5560027112519728,-0.6040369986662383,1,0,0.0625412092509032,0
2.566181604848313,0.5346962625498046,1.551212386246162,0,0,-0.35109112706459406,1
-0.5626810492968354,1.057371006000249,-0.7493745394251338,1,1,-0.516544061590793,0
-0.5217474413930556,1.057371006000249,-0.12903137764936054,1,0,0.8898058818818978,1
1.0490797619144843,-0.5106532243510841,0.6012011442124067,1,1,-0.6819969961169919,0
0.6781189402864822,0.012021519099360289,-1.167663071365369,1,1,-0.02018525801219625,0
1.870310270484061,0.5346962625498046,-0.04041092596710738,1,0,1.5516176199866933,0
0.5783432710210195,0.012021519099360289,0.8351591366535551,0,1,0.9725323491449972,1
-0.38871321570577244,0.012021519099360289,1.2818062131321117,1,0,0.47617354556640046,0
0.5834599720089916,0.012021519099360289,0.4452291492516407,1,1,1.1379852836711961,0
1.1130385242641399,0.012021519099360289,0.5941115080778263,1,1,-0.4338175943276935,0
0.8188282174557243,0.5346962625498046,-1.2917317037205238,0,0,0.5589000128295,1
0.4990344057074467,-1.0333279678015284,1.554757204313452,0,1,1.0552588164080967,0
1.0721049163603595,-0.5106532243510841,-1.270462795316783,1,1,-1.6747146032741853,1
1.1769972866137952,-1.0333279678015284,0.9592277690087099,1,0,1.634344087249793,0
1.394457078602624,-1.5560027112519728,-0.8096364465690659,1,1,0.8070794146187983,1
0.6423020333706749,2.1027204929011374,1.5122193875059704,1,0,1.2207117509342955,0
-0.19172022766883332,-1.5560027112519728,0.7713524114423327,0,1,0.9725323491449972,0
0.13063193457343075,3.148069979802026,0.8883314076629072,1,1,0.9725323491449972,0
1.2153725440235885,0.5346962625498046,-0.969153259597122,1,1,1.468891152723594,0
-0.8568913561052508,1.057371006000249,-0.19283810286058298,1,1,-0.2683646598014946,0
0.35576677804421775,-0.5106532243510841,0.4133257866460295,0,1,0.14526767651400266,0
-0.42197177212759324,1.057371006000249,0.9450484967395493,1,1,0.14526767651400266,0
0.007831110862091841,0.012021519099360289,-1.3697177012009067,1,1,-0.516544061590793,0
1.2870063578552025,-0.5106532243510841,1.6114742933900938,0,1,0.393447078303301,0
0.1741238929711962,-1.5560027112519728,1.3597922106124947,1,1,0.7243529473556989,0
0.0282979148139819,0.5346962625498046,-0.7919123562326151,1,1,0.3107206110402016,0
-1.412053413300261,2.1027204929011374,1.1258342181713459,0,1,-0.4338175943276935,0
0.7446360531301238,-1.0333279678015284,0.0694784341188868,1,0,1.468891152723594,0
0.6397436828766889,-0.5106532243510841,-0.12548655958207042,1,0,-0.5992705288538924,1
2.192662432726325,1.057371006000249,-0.6394851793391396,1,0,-0.35109112706459406,0
-0.33498785533206155,-1.5560027112519728,0.2857123362235846,1,1,-0.7647234633800913,0
0.2048240988990313,0.5346962625498046,0.8032557740479439,1,0,0.6416264800925994,0
0.23552430482686565,0.5346962625498046,-0.30272746294657715,0,0,0.8898058818818978,1
1.594008417133549,1.5800457494506932,0.4558636034535111,1,0,0.22799414377710212,0
-0.11752806334323278,0.5346962625498046,0.6969112320292399,1,1,-0.6819969961169919,0
0.2662245107547,-1.5560027112519728,0.7394490488367215,1,0,-0.1029117252752957,0
0.6013684254668955,0.012021519099360289,-1.5505034226327035,1,0,-0.516544061590793,0
0.17156554247721012,1.057371006000249,1.2569924866610809,0,0,-1.4265352014848869,0
-0.47825548299529014,-1.5560027112519728,-0.13966583185123096,1,1,1.0552588164080967,0
0.17924059395916872,-1.5560027112519728,-0.8202709007709362,1,1,0.5589000128295,0
1.0772216173483324,-1.0333279678015284,-0.8911672621167389,0,1,-1.591988136011086,1
-1.0717927976000932,1.057371006000249,-0.05459019823626792,1,1,0.7243529473556989,0
0.11528183160951319,0.012021519099360289,1.3491577564106243,1,0,0.393447078303301,0
-0.7366488828878983,0.5346962625498046,-0.41616164109986126,1,1,0.393447078303301,0
1.2025807915536575,2.1027204929011374,0.8741521353937466,0,1,-0.1029117252752957,0
-1.578346195409365,0.5346962625498046,-1.3945314276719376,1,1,1.7170705545128924,0
-0.5933812552246701,1.057371006000249,-0.07585910664000872,0,1,0.5589000128295,1
0.36600018002016277,-0.5106532243510841,1.7142740173415079,0,1,-0.1029117252752957,0
1.5812166646636179,-0.5106532243510841,0.9450484967395493,1,0,-0.8474499306431909,0
-0.08682785741539804,0.012021519099360289,-1.001056622202733,0,1,-0.9301763979062903,1
-0.5882645542366975,0.012021519099360289,0.009216526974954509,0,1,0.14526767651400266,1
1.9035688269058815,0.5346962625498046,-0.91952580665506,0,1,1.3034382181973951,0
-1.5015956805897783,0.012021519099360289,-0.30981709908115745,0,1,1.634344087249793,1
-2.271659179279631,0.5346962625498046,0.9769518593451605,0,1,-0.18563819253839517,1
0.4299589423698183,-0.5106532243510841,0.9485933148068395,1,0,-0.2683646598014946,0
-0.5345391938629868,-1.5560027112519728,-0.9372498969915107,0,0,0.47617354556640046,0
-1.0641177461181346,-0.5106532243510841,1.473226388765779,0,0,-1.261082266958688,0
0.7037024452263444,-0.5106532243510841,0.32825015303106625,0,0,-0.9301763979062903,0
0.2304076038388935,-0.5106532243510841,-0.41261682303257113,1,1,-1.591988136011086,0
-0.5984979562126422,1.057371006000249,0.012761345042244642,1,0,0.22799414377710212,0
-1.3301861974927016,1.5800457494506932,0.3707879698385479,1,0,1.3861646854604945,0
0.8725535778294349,0.5346962625498046,0.21481597487778234,1,0,0.5589000128295,0
0.644860383864661,0.012021519099360289,-0.04041092596710738,1,1,0.5589000128295,0
-0.12264476433120529,-1.0333279678015284,0.023395799244115046,1,0,1.468891152723594,0
1.870310270484061,-1.5560027112519728,-1.1180356184233073,0,0,-1.591988136011086,1
-1.115284755997859,0.012021519099360289,1.0903860374984449,1,0,-1.3438087342217875,0
-1.5809045459033513,-0.5106532243510841,0.1510092496665599,1,1,-0.8474499306431909,0
-0.7289738314059397,0.5346962625498046,-1.2775524314513633,1,0,-0.9301763979062903,1
-0.06636105346350835,-0.5106532243510841,0.9308692244703888,0,0,-1.591988136011086,0
0.22784925334490672,0.012021519099360289,1.5086745694386803,1,0,-0.516544061590793,0
-0.2659123919944335,1.057371006000249,1.5583020223807418,0,1,1.468891152723594,0
0.3404166750803006,-0.5106532243510841,-0.4480650037054725,0,0,1.634344087249793,0
-1.302044342058853,-0.5106532243510841,-1.2598283411149125,1,1,1.3034382181973951,0
1.4584158409522796,0.012021519099360289,0.0694784341188868,1,1,-1.1783557996955887,0
-0.10473631087330167,0.5346962625498046,-1.3413591566625858,1,1,-0.1029117252752957,0
1.123271926240084,0.5346962625498046,1.5122193875059704,1,0,1.0552588164080967,0
0.3301832731043555,0.012021519099360289,-1.0932218919522765,0,1,1.1379852836711961,1
0.4478673958277223,2.1027204929011374,-0.8521742633765474,0,1,1.0552588164080967,0
0.5629931680571022,1.057371006000249,-0.3169067352157377,0,0,0.0625412092509032,1
0.43763399385177726,0.012021519099360289,-0.3984375507634106,1,0,0.8070794146187983,0
0.637185332382702,-0.5106532243510841,1.0301241303545126,0,1,0.14526767651400266,0
1.340731718228913,-0.5106532243510841,-0.14675546798581124,0,0,-0.18563819253839517,1
0.18179894445315517,0.012021519099360289,-1.1393045268270483,1,0,-1.4265352014848869,0
0.7062607957203305,0.012021519099360289,-0.8025468104344856,0,1,0.22799414377710212,0
-0.11241136235526025,-0.5106532243510841,0.03757507151327558,1,1,-0.1029117252752957,1
1.4532991399643067,0.012021519099360289,-1.217290524307431,1,1,1.468891152723594,1
-0.7136237284420222,-0.5106532243510841,0.3920568782422887,1,1,0.5589000128295,1
1.8217016110983226,0.5346962625498046,0.23254006521423262,1,1,1.468891152723594,0
-0.061244352475535835,-1.0333279678015284,0.750083503038592,1,0,-0.35109112706459406,0
-1.483687227131875,1.057371006000249,1.5263986597751311,0,0,-0.18563819253839517,0
0.11016513062154068,0.5346962625498046,1.4377782080928776,1,1,1.1379852836711961,0
-0.7161820789360086,-1.5560027112519728,1.554757204313452,1,1,0.8898058818818978,1
0.8392950214076137,0.5346962625498046,-0.8805328079148685,0,1,1.468891152723594,0
-0.68804022350216,0.012021519099360289,-1.2740076133840732,0,1,1.1379852836711961,0
-0.47569713250130374,-1.5560027112519728,-0.6820229961466212,1,1,0.7243529473556989,0
-1.9544237180253399,0.5346962625498046,1.3775163009489453,1,0,-0.35109112706459406,0
-0.4833721839832623,0.012021519099360289,1.6469224740629953,1,0,1.7170705545128924,0
-2.501910723738391,1.057371006000249,1.2534476685937908,1,1,0.6416264800925994,0
-1.6423049577590203,-1.5560027112519728,-1.348448792797166,0,0,-1.261082266958688,1
0.7574278056000548,-1.0333279678015284,1.5583020223807418,1,1,-0.35109112706459406,0
0.7830113105399171,-1.0333279678015284,-0.26018964613909557,1,0,-0.35109112706459406,1
0.41460883940590115,-0.5106532243510841,-1.6993857814588889,0,1,-0.5992705288538924,0
-1.0103923857444241,-0.5106532243510841,-0.19283810286058298,1,1,0.22799414377710212,1
-0.0689194039574948,-1.5560027112519728,-1.5717723310364442,1,0,1.3034382181973951,0
-0.02286909506574252,-0.5106532243510841,0.15809888580114018,1,1,1.5516176199866933,0
-1.2048270232873768,-0.5106532243510841,-0.5544095457241763,0,0,1.468891152723594,0
1.5172579023139623,-0.5106532243510841,-0.08649356084187913,1,1,0.8898058818818978,0
0.877670278817407,-1.0333279678015284,0.39914651437686893,1,1,1.2207117509342955,0
-0.24544558804254382,-0.5106532243510841,1.2853510311994019,1,1,1.3034382181973951,0
0.007831110862091841,1.057371006000249,0.5692977816067954,1,1,-0.5992705288538924,1
0.1920323464291002,-1.0333279678015284,-0.2247414654661942,0,0,0.47617354556640046,1
-2.110483098158499,0.012021519099360289,1.1151997639694753,1,1,-0.18563819253839517,1
-0.27358744347639247,0.012021519099360289,1.4129644816218467,1,0,0.8070794146187983,0
-0.7187404294299947,-0.5106532243510841,-1.3165454301915547,0,0,-1.0129028651693897,1
-1.0462092926602309,0.012021519099360289,0.11556106899365855,1,0,1.3861646854604945,0
-0.30684599989821326,-0.5106532243510841,-0.7422849032905535,1,1,-0.35109112706459406,1
1.8191432606043367,-0.5106532243510841,-1.568227512969154,1,0,-0.18563819253839517,1
0.634626981888716,1.057371006000249,0.5905666900105362,0,1,-1.4265352014848869,1
-0.6036146572006148,1.5800457494506932,1.2676269408629512,1,1,-0.8474499306431909,0
0.5655515185510883,1.057371006000249,-1.164118253298079,1,1,0.0625412092509032,0
